{"@context": "http://schema.org", "@type": "SoftwareSourceCode", "isPartOf": {"@type": "WebApplication", "applicationCategory": "Computational Modeling Software Repository", "operatingSystem": "Any", "name": "CoMSES Model Library", "url": "https://www.comses.net/codebases"}, "publisher": {"@id": "https://ror.org/015bsfc29", "@type": "Organization", "name": "CoMSES Net", "url": "https://www.comses.net"}, "provider": {"@id": "https://ror.org/015bsfc29", "@type": "Organization", "name": "CoMSES Net", "url": "https://www.comses.net"}, "name": "An extended replication of Abelson's and Bernstein's community referendum simulation", "abstract": "", "description": "This is an extended replication of Abelson's and Bernstein's early computer simulation model of community referendum controversies which was originally published in 1963 and often cited, but seldom analysed in detail. This replication is in NetLogo 6.3.0, accompanied with an ODD+D protocol and class and sequence diagrams.\n\nThis replication replaces the original scales for attitude position and interest in the referendum issue which were distributed between 0 and 1 with values that are initialised according to a normal distribution with mean 0 and variance 1 to make simulation results easier compatible with scales derived from empirical data collected in surveys such as the European Value Study which often are derived via factor analysis or principal component analysis from the answers to sets of questions. \n\nAnother difference is that this model is not only run for Abelson\u2019s and Bernstein\u2019s ten week referendum campaign but for an arbitrary time in order that one can find out whether the distributions of attitude position and interest in the (still one-dimensional) issue stabilise in the long run.", "version": "2.0.0", "targetProduct": {"@type": "SoftwareApplication", "name": "An extended replication of Abelson's and Bernstein's community referendum simulation v2.0.0", "operatingSystem": "linux", "applicationCategory": "Computational Model", "downloadUrl": "https://www.comses.net/codebases/a1a0c5b7-f427-4f32-bd70-60c307b61697/releases/2.0.0/download/", "releaseNotes": "The model is written in NetLogo 6.3.0. The scale of the \"interest-in-the-issue\" and the \"attitude-position\" were changed from a uniform random initialisation between 0 and 1 to a random normal initialisation with mean 0 and variance 1. Some bugs were fixed, and the anonymous procedure feature of NetLogo 6 was applied.", "softwareVersion": "2.0.0", "identifier": "https://www.comses.net/codebases/a1a0c5b7-f427-4f32-bd70-60c307b61697/releases/2.0.0/", "sameAs": "https://www.comses.net/codebases/a1a0c5b7-f427-4f32-bd70-60c307b61697/releases/2.0.0/"}, "programmingLanguage": [{"@type": "ComputerLanguage", "name": "NetLogo 6.3.0"}], "author": [{"@type": "Person", "givenName": "Klaus", "familyName": "Troitzsch", "@id": "https://orcid.org/0000-0001-6266-4337", "affiliation": "Universit\u00e4t Koblenz-Landau", "email": "klaus.g.troitzsch@bluewin.ch"}], "identifier": "https://www.comses.net/codebases/a1a0c5b7-f427-4f32-bd70-60c307b61697/releases/2.0.0/", "dateCreated": "2019-10-25T12:22:43.502464+00:00", "dateModified": "2023-05-11T07:58:02.225927+00:00", "keywords": ["dynamics opinion", "agent-based computational model", "formal modeling", "referendum"], "runtimePlatform": ["Netlogo"], "url": "https://www.comses.net/codebases/a1a0c5b7-f427-4f32-bd70-60c307b61697/releases/2.0.0/", "citation": [{"@type": "CreativeWork", "text": "doi 10.1086/267152"}, {"@type": "CreativeWork", "text": "Formal design methods and the relation between simulation models and theory: A philosophy of science point of view, to appear as a chapter in Rud\u00e1s, T. & P\u00e9li, G. (Eds.) Pathways between Social Science and Computational Social Science: Theories, Methods and Interpretations Springer, 2020"}], "datePublished": "2023-05-11", "copyrightYear": 2023, "license": "http://www.gnu.org/licenses/gpl-3.0.html", "releaseNotes": "The model is written in NetLogo 6.3.0. The scale of the \"interest-in-the-issue\" and the \"attitude-position\" were changed from a uniform random initialisation between 0 and 1 to a random normal initialisation with mean 0 and variance 1. Some bugs were fixed, and the anonymous procedure feature of NetLogo 6 was applied.", "@id": "https://www.comses.net/codebases/a1a0c5b7-f427-4f32-bd70-60c307b61697/releases/2.0.0/"}