1,2,3,4,"5, 6",7,8,9,10,Country,Year
0.03948772678762007,0.030949839914621132,0.11846318036286019,0.12700106723585913,0.4951974386339381,0.08537886872998933,0.064034151547492,0.017075773745997867,0.022411953041622197,BE,2007
0.04880694143167028,0.04121475054229935,0.09978308026030369,0.13449023861171366,0.4566160520607375,0.1193058568329718,0.05856832971800434,0.015184381778741865,0.026030368763557483,BE,2010
0.03479125248508946,0.040755467196819085,0.09045725646123261,0.13618290258449303,0.41848906560636184,0.16003976143141152,0.09443339960238568,0.008946322067594433,0.015904572564612324,BE,2012
0.06989247311827956,0.02795698924731183,0.11397849462365592,0.10752688172043011,0.43655913978494626,0.14086021505376345,0.06666666666666667,0.00967741935483871,0.026881720430107527,BE,2014
0.035343035343035345,0.033264033264033266,0.10914760914760915,0.13617463617463618,0.446985446985447,0.13097713097713098,0.0550935550935551,0.013513513513513514,0.0395010395010395,BE,2015
0.05755395683453238,0.022610483042137718,0.09969167523124357,0.09660842754367935,0.49126413155190135,0.12435765673175746,0.06783144912641316,0.011305241521068859,0.02877697841726619,BE,2016
0.048167539267015703,0.03455497382198953,0.10157068062827225,0.13612565445026178,0.46596858638743455,0.1256544502617801,0.05968586387434555,0.011518324607329843,0.016753926701570682,BE,2017
0.03490566037735849,0.035849056603773584,0.11037735849056604,0.11509433962264151,0.4547169811320755,0.1320754716981132,0.07924528301886792,0.009433962264150943,0.02830188679245283,BE,2019
0.041176470588235294,0.054901960784313725,0.13627450980392156,0.1284313725490196,0.37254901960784315,0.16176470588235295,0.07745098039215687,0.010784313725490196,0.016666666666666666,BE,2020
0.028265107212475632,0.049707602339181284,0.1608187134502924,0.13352826510721247,0.3508771929824561,0.1627680311890838,0.08089668615984405,0.018518518518518517,0.014619883040935672,BE,2020
0.03528225806451613,0.028225806451612902,0.11794354838709678,0.1532258064516129,0.43649193548387094,0.10786290322580645,0.07459677419354839,0.02217741935483871,0.024193548387096774,BE,2021
0.05084745762711865,0.051789077212806026,0.1167608286252354,0.1393596986817326,0.416195856873823,0.12523540489642185,0.059322033898305086,0.017890772128060263,0.022598870056497175,BE,2021
0.023833167825223437,0.031777557100297914,0.10427010923535253,0.13108242303872888,0.47070506454816285,0.12711022840119166,0.05660377358490566,0.018867924528301886,0.03574975173783516,BE,2022
0.030752916224814422,0.021208907741251327,0.11664899257688228,0.12513255567338283,0.4835630965005302,0.13891834570519618,0.05514316012725345,0.01166489925768823,0.016967126193001062,BE,2023
0.020161290322580645,0.036290322580645164,0.09879032258064516,0.1350806451612903,0.46169354838709675,0.12399193548387097,0.07560483870967742,0.018145161290322582,0.03024193548387097,BE,2024
0.026600985221674877,0.0374384236453202,0.10147783251231528,0.11724137931034483,0.42266009852216746,0.14482758620689656,0.10738916256157635,0.017733990147783252,0.024630541871921183,BE,2024
0.023952095808383235,0.04291417165668663,0.07884231536926148,0.1157684630738523,0.4161676646706587,0.16367265469061876,0.1027944111776447,0.04091816367265469,0.014970059880239521,BE,2025
0.07035928143712575,0.08832335329341318,0.10479041916167664,0.07035928143712575,0.3847305389221557,0.11826347305389222,0.09431137724550898,0.03592814371257485,0.03293413173652695,BG,2007
0.048678720445062586,0.054242002781641166,0.06954102920723226,0.06954102920723226,0.4603616133518776,0.12656467315716272,0.08623087621696801,0.043115438108484005,0.04172461752433936,BG,2010
0.06991260923845194,0.08364544319600499,0.07865168539325842,0.06117353308364544,0.4444444444444444,0.10736579275905118,0.06367041198501873,0.02746566791510612,0.06367041198501873,BG,2012
0.08322663252240717,0.05377720870678617,0.1088348271446863,0.06274007682458387,0.34827144686299616,0.09603072983354674,0.09603072983354674,0.02176696542893726,0.1293213828425096,BG,2014
0.09808612440191387,0.06220095693779904,0.07655502392344497,0.05861244019138756,0.3827751196172249,0.08492822966507177,0.09210526315789473,0.025119617224880382,0.11961722488038277,BG,2015
0.12677878395860284,0.04139715394566624,0.08667529107373868,0.06985769728331177,0.3260025873221216,0.0944372574385511,0.10866752910737387,0.03880983182406209,0.1073738680465718,BG,2016
0.11377245508982035,0.03592814371257485,0.09461077844311377,0.04910179640718563,0.28263473053892213,0.11736526946107785,0.11616766467065869,0.08982035928143713,0.10059880239520957,BG,2017
0.09673659673659674,0.05710955710955711,0.08741258741258741,0.053613053613053616,0.34265734265734266,0.11421911421911422,0.10955710955710955,0.04428904428904429,0.0944055944055944,BG,2019
0.057318321392016376,0.04503582395087001,0.06857727737973388,0.10133060388945753,0.38075742067553736,0.12384851586489252,0.10849539406345957,0.033776867963152504,0.08085977482088025,BG,2020
0.06788793103448276,0.04741379310344827,0.09051724137931035,0.07758620689655173,0.3588362068965517,0.12823275862068967,0.11530172413793104,0.03556034482758621,0.07866379310344827,BG,2020
0.07456140350877193,0.05043859649122807,0.0712719298245614,0.07236842105263158,0.3366228070175439,0.1337719298245614,0.12390350877192982,0.03399122807017544,0.10307017543859649,BG,2021
0.07119741100323625,0.045307443365695796,0.08414239482200647,0.104638619201726,0.3408845738942826,0.1423948220064725,0.10571736785329018,0.030204962243797196,0.07551240560949299,BG,2021
0.05849889624724062,0.033112582781456956,0.07947019867549669,0.0640176600441501,0.3818984547461369,0.1346578366445916,0.12141280353200883,0.04415011037527594,0.08278145695364239,BG,2022
0.04988913525498891,0.03991130820399113,0.07427937915742794,0.07206208425720621,0.39578713968957874,0.12638580931263857,0.12416851441241686,0.028824833702882482,0.08869179600886919,BG,2023
0.054982817869415807,0.029782359679266894,0.07789232531500573,0.061855670103092786,0.3734249713631157,0.14891179839633448,0.10996563573883161,0.044673539518900345,0.09851088201603665,BG,2024
0.06157354618015964,0.03192702394526796,0.07525655644241733,0.08209806157354618,0.314709236031927,0.1630558722919042,0.13112884834663627,0.04561003420752566,0.09464082098061574,BG,2024
0.04988399071925754,0.03480278422273782,0.07540603248259861,0.07192575406032482,0.32018561484918795,0.16589327146171692,0.16125290023201855,0.03596287703016241,0.08468677494199536,BG,2025
0.07478632478632478,0.023504273504273504,0.0673076923076923,0.08226495726495726,0.41239316239316237,0.10576923076923077,0.10683760683760683,0.02564102564102564,0.1014957264957265,CZ,2007
0.08453837597330367,0.04004449388209121,0.10011123470522804,0.11123470522803114,0.3548387096774194,0.10567296996662959,0.10344827586206896,0.03114571746384872,0.06896551724137931,CZ,2010
0.12096774193548387,0.03341013824884793,0.10368663594470046,0.08640552995391705,0.37442396313364057,0.10138248847926268,0.08525345622119816,0.027649769585253458,0.06682027649769585,CZ,2012
0.0767590618336887,0.031982942430703626,0.09914712153518124,0.07249466950959488,0.39445628997867804,0.12899786780383796,0.0906183368869936,0.03304904051172708,0.07249466950959488,CZ,2014
0.07799145299145299,0.038461538461538464,0.09188034188034189,0.11752136752136752,0.41346153846153844,0.09615384615384616,0.06837606837606838,0.024572649572649572,0.07158119658119658,CZ,2015
0.06596858638743455,0.02617801047120419,0.09738219895287958,0.10890052356020942,0.42094240837696334,0.10785340314136126,0.07958115183246073,0.02198952879581152,0.0712041884816754,CZ,2016
0.046994535519125684,0.02185792349726776,0.08961748633879782,0.1005464480874317,0.4426229508196721,0.11256830601092896,0.09508196721311475,0.025136612021857924,0.06557377049180328,CZ,2017
0.06050955414012739,0.022292993630573247,0.06581740976645435,0.08280254777070063,0.4723991507430998,0.09341825902335456,0.09023354564755838,0.032908704883227176,0.07961783439490445,CZ,2019
0.014285714285714285,0.015178571428571428,0.05357142857142857,0.09821428571428571,0.4142857142857143,0.18839285714285714,0.13125,0.04017857142857143,0.044642857142857144,CZ,2020
0.018357487922705314,0.011594202898550725,0.06280193236714976,0.09758454106280193,0.3719806763285024,0.1603864734299517,0.17294685990338166,0.05893719806763285,0.04541062801932367,CZ,2020
0.029469548133595286,0.025540275049115914,0.068762278978389,0.0893909626719057,0.44793713163064836,0.15520628683693516,0.08840864440078586,0.04027504911591356,0.0550098231827112,CZ,2021
0.024832855778414518,0.022922636103151862,0.05635148042024833,0.07640878701050621,0.4584527220630373,0.1489971346704871,0.12034383954154727,0.04011461318051576,0.05157593123209169,CZ,2021
0.03169734151329243,0.02556237218813906,0.06646216768916155,0.06850715746421268,0.48057259713701433,0.13394683026584867,0.11860940695296524,0.034764826175869123,0.03987730061349693,CZ,2022
0.044489383215369056,0.019211324570273004,0.05055611729019211,0.07583417593528817,0.49342770475227504,0.1263902932254803,0.10111223458038422,0.034378159757330634,0.054600606673407485,CZ,2023
0.02320887991927346,0.02320887991927346,0.06760847628657922,0.12008072653884964,0.5105953582240161,0.124117053481332,0.06962663975782038,0.03632694248234107,0.025227043390514632,CZ,2024
0.030612244897959183,0.022448979591836733,0.05510204081632653,0.11224489795918367,0.47551020408163264,0.11530612244897959,0.11530612244897959,0.04285714285714286,0.030612244897959183,CZ,2024
0.02862595419847328,0.022900763358778626,0.05916030534351145,0.09923664122137404,0.5057251908396947,0.11354961832061068,0.10973282442748092,0.02099236641221374,0.04007633587786259,CZ,2025
0.0205761316872428,0.027777777777777776,0.12962962962962962,0.14300411522633744,0.35288065843621397,0.16769547325102882,0.10699588477366255,0.021604938271604937,0.029835390946502057,DK,2007
0.05573080967402734,0.06519453207150368,0.1440588853838065,0.1398527865404837,0.29758149316508936,0.12092534174553102,0.10199789695057834,0.029442691903259727,0.0452155625657203,DK,2010
0.055165496489468405,0.0641925777331996,0.11434302908726178,0.13239719157472418,0.2928786359077232,0.16649949849548645,0.11534603811434303,0.024072216649949848,0.03510531594784353,DK,2012
0.053180396246089674,0.04692387904066736,0.14285714285714285,0.12825860271115747,0.291970802919708,0.14181438998957246,0.11887382690302398,0.027111574556830033,0.049009384775808136,DK,2014
0.05827263267429761,0.05098855359001041,0.13007284079084286,0.13215400624349635,0.29864724245577523,0.14880332986472425,0.08949011446409989,0.055150884495317375,0.036420395421436005,DK,2015
0.058091286307053944,0.035269709543568464,0.13796680497925312,0.1275933609958506,0.32676348547717843,0.11618257261410789,0.11721991701244813,0.025933609958506226,0.054979253112033194,DK,2016
0.05285868392664509,0.05501618122977346,0.1423948220064725,0.13592233009708737,0.325782092772384,0.13052858683926646,0.09061488673139159,0.02481121898597627,0.042071197411003236,DK,2017
0.049484536082474224,0.06804123711340206,0.1268041237113402,0.1309278350515464,0.31752577319587627,0.14742268041237114,0.10721649484536082,0.027835051546391754,0.024742268041237112,DK,2019
0.03058103975535168,0.0672782874617737,0.15494393476044852,0.1671763506625892,0.29357798165137616,0.15086646279306828,0.09887869520897044,0.01529051987767584,0.021406727828746176,DK,2020
0.040737148399612025,0.07662463627546072,0.17458777885548013,0.1280310378273521,0.2580019398642095,0.15324927255092144,0.11057225994180407,0.03491755577109602,0.023278370514064017,DK,2020
0.062186559679037114,0.07221664994984955,0.14543630892678033,0.1213640922768305,0.27382146439317956,0.14844533600802406,0.11434302908726178,0.031093279839518557,0.031093279839518557,DK,2021
0.050359712230215826,0.05960945529290853,0.14799588900308325,0.1171634121274409,0.3114080164439877,0.15724563206577596,0.09558067831449127,0.029804727646454265,0.030832476875642344,DK,2021
0.0513347022587269,0.050308008213552365,0.13449691991786447,0.12217659137577003,0.32546201232032856,0.13860369609856263,0.09856262833675565,0.03593429158110883,0.043121149897330596,DK,2022
0.032753326509723645,0.09518935516888434,0.13613101330603888,0.11668372569089049,0.3295803480040942,0.13920163766632548,0.10337768679631525,0.02968270214943705,0.017400204708290685,DK,2023
0.03444676409185804,0.061586638830897704,0.151356993736952,0.1440501043841336,0.3444676409185804,0.16701461377870563,0.06680584551148225,0.020876826722338204,0.009394572025052192,DK,2024
0.044534412955465584,0.06275303643724696,0.15182186234817813,0.15688259109311742,0.30465587044534415,0.14271255060728744,0.08906882591093117,0.027327935222672066,0.020242914979757085,DK,2024
0.05177664974619289,0.05685279187817259,0.12791878172588833,0.11878172588832488,0.3472081218274112,0.15634517766497463,0.08730964467005076,0.030456852791878174,0.023350253807106598,DK,2025
0.0333091962346126,0.0391020999275887,0.12382331643736423,0.16799420709630702,0.5097755249818972,0.07241129616220131,0.03765387400434468,0.001448225923244026,0.01448225923244026,DE,2007
0.02619760479041916,0.04116766467065868,0.11601796407185629,0.14446107784431136,0.5202095808383234,0.10029940119760479,0.04416167664670659,0.004491017964071856,0.0029940119760479044,DE,2010
0.028189910979228485,0.03115727002967359,0.12388724035608309,0.17136498516320475,0.5385756676557863,0.07492581602373888,0.02373887240356083,0.004451038575667656,0.00370919881305638,DE,2012
0.030124908155767818,0.03085966201322557,0.13152094048493754,0.15723732549595884,0.4878765613519471,0.09110947832476121,0.0426157237325496,0.01322556943423953,0.015429831006612785,DE,2014
0.026706231454005934,0.03338278931750742,0.12462908011869436,0.14540059347181009,0.516320474777448,0.09198813056379822,0.04747774480712166,0.0066765578635014835,0.00741839762611276,DE,2015
0.028613352898019074,0.03521643433602348,0.12912692589875274,0.16434336023477622,0.520909757887014,0.07116654438738078,0.0359501100513573,0.009537784299339692,0.005135730007336757,DE,2016
0.040172166427546625,0.04949784791965567,0.1284074605451937,0.14562410329985653,0.49569583931133426,0.08034433285509325,0.03802008608321377,0.010043041606886656,0.012195121951219513,DE,2017
0.04284727021423635,0.043538355217691775,0.13683483068417415,0.16724257083621286,0.48168624740843125,0.06496199032480995,0.036627505183137524,0.011748445058742226,0.014512785072563926,DE,2019
0.02883435582822086,0.03496932515337423,0.13006134969325153,0.16809815950920245,0.5276073619631901,0.08404907975460123,0.022085889570552148,0.003067484662576687,0.001226993865030675,DE,2020
0.020689655172413793,0.05310344827586207,0.13448275862068965,0.16344827586206898,0.5179310344827586,0.07103448275862069,0.02482758620689655,0.004137931034482759,0.010344827586206896,DE,2020
0.036551724137931035,0.03310344827586207,0.1310344827586207,0.1413793103448276,0.5186206896551724,0.07862068965517241,0.041379310344827586,0.007586206896551724,0.011724137931034483,DE,2021
0.013966480446927373,0.03770949720670391,0.11522346368715083,0.1627094972067039,0.5698324022346368,0.06634078212290503,0.024441340782122904,0.004189944134078212,0.00558659217877095,DE,2021
0.028070175438596492,0.0343859649122807,0.11228070175438597,0.13473684210526315,0.5670175438596491,0.08,0.032280701754385965,0.005614035087719298,0.005614035087719298,DE,2022
0.027567195037904894,0.026878015161957272,0.08959338387319091,0.129565816678153,0.534803583735355,0.12611991729841487,0.04548587181254307,0.012405237767057202,0.007580978635423846,DE,2023
0.03221288515406162,0.03851540616246499,0.08893557422969188,0.11764705882352941,0.5336134453781513,0.09803921568627451,0.06512605042016807,0.014705882352941176,0.011204481792717087,DE,2024
0.028493894165535955,0.03731343283582089,0.10379918588873813,0.13364993215739485,0.49389416553595655,0.11397557666214382,0.048846675712347354,0.016282225237449117,0.023744911804613297,DE,2024
0.02837837837837838,0.051351351351351354,0.08851351351351351,0.13716216216216215,0.4858108108108108,0.11351351351351352,0.06756756756756757,0.013513513513513514,0.01418918918918919,DE,2025
0.028795811518324606,0.009162303664921465,0.04450261780104712,0.07198952879581152,0.43848167539267013,0.13612565445026178,0.1505235602094241,0.06675392670157068,0.05366492146596859,EE,2007
0.03687943262411347,0.01702127659574468,0.05673758865248227,0.06808510638297872,0.48936170212765956,0.12056737588652482,0.12056737588652482,0.04680851063829787,0.04397163120567376,EE,2010
0.06714285714285714,0.027142857142857142,0.06142857142857143,0.06285714285714286,0.44,0.14,0.11285714285714285,0.024285714285714285,0.06428571428571428,EE,2012
0.05421686746987952,0.025602409638554216,0.05271084337349398,0.061746987951807226,0.46987951807228917,0.13253012048192772,0.10240963855421686,0.03463855421686747,0.06626506024096386,EE,2014
0.04475703324808184,0.021739130434782608,0.0639386189258312,0.09846547314578005,0.4629156010230179,0.1547314578005115,0.08823529411764706,0.023017902813299233,0.04219948849104859,EE,2015
0.025174825174825177,0.03076923076923077,0.044755244755244755,0.07552447552447553,0.5188811188811189,0.14685314685314685,0.0951048951048951,0.023776223776223775,0.039160839160839164,EE,2016
0.04142011834319527,0.03550295857988166,0.042899408284023666,0.057692307692307696,0.4985207100591716,0.14349112426035504,0.09023668639053255,0.03106508875739645,0.05917159763313609,EE,2017
0.022031823745410038,0.04039167686658507,0.05997552019583843,0.09057527539779682,0.49938800489596086,0.12484700122399021,0.08567931456548347,0.037943696450428395,0.03916768665850673,EE,2019
0.01890547263681592,0.020895522388059702,0.06467661691542288,0.0945273631840796,0.42388059701492536,0.15422885572139303,0.14029850746268657,0.042786069651741296,0.03980099502487562,EE,2020
0.021825396825396824,0.025793650793650792,0.07043650793650794,0.08531746031746032,0.4255952380952381,0.14087301587301587,0.1349206349206349,0.05654761904761905,0.03869047619047619,EE,2020
0.03535353535353535,0.016414141414141416,0.06313131313131314,0.08080808080808081,0.4621212121212121,0.13636363636363635,0.09722222222222222,0.04292929292929293,0.06565656565656566,EE,2021
0.01955671447196871,0.027379400260756193,0.07040417209908735,0.061277705345501955,0.4667535853976532,0.16427640156453716,0.09126466753585398,0.05345501955671447,0.04563233376792699,EE,2021
0.03198031980319803,0.03075030750307503,0.046740467404674045,0.07503075030750307,0.4870848708487085,0.15621156211562115,0.09348093480934809,0.046740467404674045,0.03198031980319803,EE,2022
0.03978779840848806,0.01989389920424403,0.058355437665782495,0.07427055702917772,0.4350132625994695,0.14588859416445624,0.10610079575596817,0.04774535809018567,0.07294429708222812,EE,2023
0.029484029484029485,0.036855036855036855,0.0687960687960688,0.08230958230958231,0.43611793611793614,0.14619164619164618,0.10442260442260443,0.04054054054054054,0.05528255528255528,EE,2024
0.041112454655380895,0.030229746070133012,0.06892382103990327,0.10157194679564692,0.43409915356711004,0.14631197097944376,0.09310761789600967,0.037484885126964934,0.0471584038694075,EE,2024
0.04044117647058824,0.051470588235294115,0.08455882352941177,0.11274509803921569,0.38112745098039214,0.13970588235294118,0.08455882352941177,0.049019607843137254,0.056372549019607844,EE,2025
0.04648241206030151,0.016331658291457288,0.052763819095477386,0.08668341708542714,0.41959798994974873,0.10804020100502512,0.10301507537688442,0.09296482412060302,0.07412060301507538,EL,2007
0.02848575712143928,0.03298350824587706,0.06446776611694154,0.1184407796101949,0.4947526236881559,0.12593703148425786,0.06746626686656672,0.03298350824587706,0.034482758620689655,EL,2010
0.05539358600583091,0.04081632653061224,0.10204081632653061,0.1326530612244898,0.4139941690962099,0.08163265306122448,0.08309037900874636,0.02040816326530612,0.06997084548104957,EL,2012
0.04341736694677871,0.049019607843137254,0.10224089635854341,0.16806722689075632,0.4173669467787115,0.08403361344537816,0.06862745098039216,0.018207282913165267,0.049019607843137254,EL,2014
0.04737516005121639,0.05121638924455826,0.11139564660691421,0.15364916773367476,0.4058898847631242,0.08322663252240717,0.07554417413572344,0.023047375160051217,0.04865556978233035,EL,2015
0.03439153439153439,0.031746031746031744,0.09788359788359788,0.13756613756613756,0.4351851851851852,0.11507936507936507,0.07142857142857142,0.021164021164021163,0.05555555555555555,EL,2016
0.050870147255689425,0.028112449799196786,0.10307898259705489,0.12985274431057564,0.42302543507362783,0.107095046854083,0.0856760374832664,0.018741633199464525,0.0535475234270415,EL,2017
0.028503562945368172,0.03800475059382423,0.09857482185273159,0.13657957244655583,0.4501187648456057,0.12351543942992874,0.07719714964370546,0.02494061757719715,0.022565320665083134,EL,2019
0.030333670374115267,0.033367037411526794,0.0839231547017189,0.11324570273003033,0.4782608695652174,0.08998988877654196,0.09403437815975733,0.033367037411526794,0.043478260869565216,EL,2020
0.03728070175438596,0.03618421052631579,0.09758771929824561,0.12390350877192982,0.43640350877192985,0.12171052631578948,0.0800438596491228,0.025219298245614034,0.041666666666666664,EL,2020
0.019206145966709345,0.02176696542893726,0.08194622279129321,0.11907810499359796,0.4980793854033291,0.14852752880921896,0.07170294494238157,0.011523687580025609,0.028169014084507043,EL,2021
0.01639344262295082,0.03278688524590164,0.08196721311475409,0.1223203026481715,0.4691046658259773,0.17780580075662042,0.05926860025220681,0.013871374527112233,0.02648171500630517,EL,2021
0.022613065326633167,0.020100502512562814,0.10552763819095477,0.13819095477386933,0.4585427135678392,0.13442211055276382,0.07160804020100503,0.013819095477386936,0.035175879396984924,EL,2022
0.013349514563106795,0.02912621359223301,0.08009708737864078,0.1395631067961165,0.39684466019417475,0.1553398058252427,0.1262135922330097,0.038834951456310676,0.02063106796116505,EL,2023
0.01905972045743329,0.017789072426937738,0.11054637865311309,0.1639135959339263,0.4371029224904701,0.13087674714104194,0.09911054637865312,0.015247776365946633,0.0063532401524777635,EL,2024
0.021739130434782608,0.017902813299232736,0.09718670076726342,0.14705882352941177,0.4360613810741688,0.1815856777493606,0.07672634271099744,0.0076726342710997444,0.014066496163682864,EL,2024
0.01989389920424403,0.027851458885941646,0.1220159151193634,0.14588859416445624,0.40981432360742703,0.14721485411140584,0.08885941644562334,0.01989389920424403,0.01856763925729443,EL,2025
0.06471306471306472,0.08058608058608059,0.13797313797313798,0.19536019536019536,0.3833943833943834,0.05372405372405373,0.06471306471306472,0.01221001221001221,0.007326007326007326,ES,2007
0.08281053952321205,0.04265997490589712,0.11668757841907151,0.1342534504391468,0.4730238393977415,0.07026348808030113,0.03638644918444166,0.0075282308657465494,0.03638644918444166,ES,2010
0.09816753926701571,0.051047120418848166,0.1400523560209424,0.11387434554973822,0.40575916230366493,0.07460732984293193,0.06413612565445026,0.013089005235602094,0.03926701570680628,ES,2012
0.10311750599520383,0.04316546762589928,0.17026378896882494,0.14628297362110312,0.44004796163069543,0.047961630695443645,0.019184652278177457,0.009592326139088728,0.02038369304556355,ES,2014
0.1258741258741259,0.046620046620046623,0.19463869463869463,0.12004662004662005,0.41025641025641024,0.05128205128205128,0.027972027972027972,0.0034965034965034965,0.019813519813519812,ES,2015
0.08901734104046242,0.05317919075144509,0.16184971098265896,0.1283236994219653,0.40809248554913297,0.06358381502890173,0.03930635838150289,0.010404624277456647,0.046242774566473986,ES,2016
0.07117008443908324,0.05548854041013269,0.18214716525934863,0.11942098914354644,0.436670687575392,0.054282267792521106,0.04945717732207479,0.009650180940892641,0.021712907117008445,ES,2017
0.07577497129735936,0.08381171067738231,0.18140068886337543,0.11021814006888633,0.399540757749713,0.0642939150401837,0.04362801377726751,0.008036739380022962,0.03329506314580941,ES,2019
0.08181818181818182,0.05909090909090909,0.1534090909090909,0.1215909090909091,0.4590909090909091,0.053409090909090906,0.04318181818181818,0.00909090909090909,0.019318181818181818,ES,2020
0.04938271604938271,0.0707070707070707,0.16161616161616163,0.13804713804713806,0.3950617283950617,0.09764309764309764,0.04826038159371493,0.013468013468013467,0.025813692480359147,ES,2020
0.057210965435041714,0.054827175208581644,0.1466030989272944,0.12395709177592372,0.4374255065554231,0.08820023837902265,0.060786650774731825,0.009535160905840286,0.021454112038140644,ES,2021
0.05221339387060159,0.05788876276958002,0.1782065834279228,0.14982973893303064,0.41430192962542567,0.06356413166855845,0.049943246311010214,0.021566401816118047,0.012485811577752554,ES,2021
0.06971428571428571,0.06857142857142857,0.1657142857142857,0.12571428571428572,0.4217142857142857,0.07771428571428571,0.037714285714285714,0.008,0.025142857142857144,ES,2022
0.06177156177156177,0.06526806526806526,0.175990675990676,0.15384615384615385,0.3333333333333333,0.07459207459207459,0.0675990675990676,0.019813519813519812,0.047785547785547784,ES,2023
0.04812206572769953,0.03051643192488263,0.11737089201877934,0.17370892018779344,0.44366197183098594,0.09741784037558686,0.0539906103286385,0.009389671361502348,0.025821596244131457,ES,2024
0.05202312138728324,0.03815028901734104,0.11329479768786127,0.16184971098265896,0.4531791907514451,0.09364161849710982,0.05433526011560694,0.006936416184971098,0.026589595375722544,ES,2024
0.0389908256880734,0.04357798165137615,0.14105504587155962,0.14908256880733944,0.41743119266055045,0.09747706422018348,0.06422018348623854,0.010321100917431193,0.03784403669724771,ES,2025
0.04418103448275862,0.04525862068965517,0.14547413793103448,0.11099137931034483,0.3793103448275862,0.13900862068965517,0.08297413793103449,0.020474137931034482,0.032327586206896554,FR,2007
0.04481434058898848,0.0678617157490397,0.17285531370038412,0.14084507042253522,0.3866837387964149,0.08450704225352113,0.0678617157490397,0.016645326504481434,0.01792573623559539,FR,2010
0.07450523864959255,0.051222351571594875,0.16181606519208383,0.12339930151338765,0.3678696158323632,0.0989522700814901,0.06635622817229336,0.011641443538998836,0.04423748544819558,FR,2012
0.06242350061199511,0.04528763769889841,0.15055079559363524,0.1346389228886169,0.401468788249694,0.0966952264381885,0.042839657282741736,0.008567931456548347,0.05752753977968176,FR,2014
0.05367561260210035,0.039673278879813305,0.1295215869311552,0.10385064177362893,0.4130688448074679,0.09684947491248541,0.07001166861143523,0.012835472578763127,0.08051341890315053,FR,2015
0.05476190476190476,0.039285714285714285,0.12738095238095237,0.11428571428571428,0.4154761904761905,0.10119047619047619,0.06428571428571428,0.02261904761904762,0.060714285714285714,FR,2016
0.07368421052631578,0.05497076023391813,0.13333333333333333,0.11695906432748537,0.42105263157894735,0.07953216374269007,0.05263157894736842,0.014035087719298246,0.05380116959064327,FR,2017
0.05146198830409357,0.05497076023391813,0.14619883040935672,0.1368421052631579,0.43157894736842106,0.07368421052631578,0.044444444444444446,0.016374269005847954,0.044444444444444446,FR,2019
0.04232164449818621,0.044740024183796856,0.12575574365175332,0.11970979443772672,0.4909310761789601,0.07496977025392987,0.05804111245465538,0.008464328899637243,0.03506650544135429,FR,2020
0.04156479217603912,0.05867970660146699,0.14058679706601468,0.09657701711491443,0.46454767726161367,0.09290953545232274,0.05134474327628362,0.014669926650366748,0.039119804400977995,FR,2020
0.045563549160671464,0.04196642685851319,0.15227817745803357,0.09712230215827339,0.42326139088729015,0.09592326139088729,0.07673860911270983,0.015587529976019185,0.05155875299760192,FR,2021
0.061519903498190594,0.04945717732207479,0.15078407720144751,0.09288299155609167,0.4451145958986731,0.07599517490952955,0.06031363088057901,0.022919179734620022,0.04101326899879373,FR,2021
0.04779411764705882,0.04534313725490196,0.13480392156862744,0.11274509803921569,0.4227941176470588,0.10416666666666667,0.06495098039215687,0.01838235294117647,0.049019607843137254,FR,2022
0.05121951219512195,0.06707317073170732,0.12317073170731707,0.11829268292682926,0.3975609756097561,0.09878048780487805,0.05853658536585366,0.03414634146341464,0.05121951219512195,FR,2023
0.04316546762589928,0.050359712230215826,0.1211031175059952,0.11750599520383694,0.3824940047961631,0.09832134292565947,0.0815347721822542,0.03237410071942446,0.07314148681055156,FR,2024
0.04390243902439024,0.04024390243902439,0.14512195121951219,0.12317073170731707,0.375609756097561,0.1024390243902439,0.06219512195121951,0.03536585365853658,0.07195121951219512,FR,2024
0.03562653562653563,0.04791154791154791,0.12653562653562653,0.10687960687960688,0.3968058968058968,0.09336609336609336,0.07862407862407862,0.04176904176904177,0.07248157248157248,FR,2025
0.025735294117647058,0.029411764705882353,0.051470588235294115,0.09436274509803921,0.5220588235294118,0.12377450980392157,0.08700980392156862,0.02696078431372549,0.0392156862745098,IE,2007
0.031724137931034485,0.022068965517241378,0.06482758620689655,0.0896551724137931,0.5793103448275863,0.10758620689655173,0.05379310344827586,0.019310344827586208,0.031724137931034485,IE,2010
0.033642691415313224,0.04176334106728538,0.08004640371229699,0.11832946635730858,0.5394431554524362,0.08700696055684455,0.058004640371229696,0.016241299303944315,0.025522041763341066,IE,2012
0.03645200486026731,0.03523693803159174,0.07897934386391252,0.08748481166464156,0.5565006075334143,0.08869987849331713,0.060753341433778855,0.02551640340218712,0.030376670716889428,IE,2014
0.03502824858757062,0.021468926553672316,0.06666666666666667,0.10734463276836158,0.6146892655367232,0.07344632768361582,0.03502824858757062,0.013559322033898305,0.0327683615819209,IE,2015
0.029180695847362513,0.03591470258136925,0.07519640852974187,0.08529741863075196,0.6161616161616161,0.07631874298540965,0.04938271604938271,0.014590347923681257,0.017957351290684626,IE,2016
0.03214695752009185,0.018369690011481057,0.04362801377726751,0.06888633754305395,0.5878300803673938,0.08725602755453502,0.09644087256027555,0.03559127439724455,0.029850746268656716,IE,2017
0.03243847874720358,0.03467561521252797,0.08501118568232663,0.12080536912751678,0.6029082774049217,0.06823266219239374,0.03243847874720358,0.005592841163310962,0.017897091722595078,IE,2019
0.040877367896311065,0.036889332003988036,0.1365902293120638,0.16051844466600199,0.43469591226321036,0.08873379860418744,0.04885343968095713,0.01794616151545364,0.03489531405782652,IE,2020
0.04105571847507331,0.059628543499511244,0.15640273704789834,0.17204301075268819,0.41544477028348,0.08895405669599218,0.04398826979472141,0.008797653958944282,0.013685239491691105,IE,2020
0.01251303441084463,0.03232533889468196,0.07612095933263817,0.0886339937434828,0.6496350364963503,0.08237747653806048,0.03232533889468196,0.011470281543274244,0.014598540145985401,IE,2021
0.016614745586708203,0.013499480789200415,0.07165109034267912,0.10903426791277258,0.6490134994807892,0.07476635514018691,0.032191069574247146,0.006230529595015576,0.02699896157840083,IE,2021
0.019088016967126194,0.012725344644750796,0.05832449628844114,0.12725344644750794,0.6500530222693531,0.06468716861081654,0.03711558854718982,0.013785790031813362,0.016967126193001062,IE,2022
0.02092511013215859,0.01762114537444934,0.05506607929515418,0.10022026431718062,0.6850220264317181,0.053964757709251104,0.030837004405286344,0.015418502202643172,0.02092511013215859,IE,2023
0.020021074815595362,0.015806111696522657,0.06743940990516333,0.13593256059009484,0.6090621707060063,0.0874604847207587,0.04636459430979979,0.007376185458377239,0.01053740779768177,IE,2024
0.011714589989350373,0.024494142705005325,0.0777422790202343,0.11288604898828541,0.6272630457933972,0.09158679446219382,0.039403620873269436,0.005324813631522897,0.009584664536741214,IE,2024
0.016129032258064516,0.01827956989247312,0.06666666666666667,0.12043010752688173,0.6505376344086021,0.07311827956989247,0.03870967741935484,0.0032258064516129032,0.012903225806451613,IE,2025
0.08655126498002663,0.0692410119840213,0.11451398135818908,0.12916111850865514,0.31424766977363516,0.1118508655126498,0.06524633821571238,0.03595206391478029,0.07323568575233022,IT,2007
0.06837606837606838,0.0584045584045584,0.11538461538461539,0.13817663817663817,0.3034188034188034,0.1623931623931624,0.08831908831908832,0.021367521367521368,0.04415954415954416,IT,2010
0.10615384615384615,0.06,0.11692307692307692,0.12,0.31846153846153846,0.10153846153846154,0.07384615384615385,0.023076923076923078,0.08,IT,2012
0.049926578560939794,0.07929515418502203,0.14684287812041116,0.12334801762114538,0.34948604992657856,0.09985315712187959,0.09838472834067548,0.01762114537444934,0.03524229074889868,IT,2014
0.04095112285336856,0.052840158520475564,0.095112285336856,0.13474240422721268,0.3342140026420079,0.17701453104359313,0.0977542932628798,0.018494055482166448,0.0488771466314399,IT,2015
0.055031446540880505,0.040880503144654086,0.13836477987421383,0.11949685534591195,0.33176100628930816,0.1320754716981132,0.09905660377358491,0.020440251572327043,0.06289308176100629,IT,2016
0.046224961479198766,0.04930662557781202,0.12480739599383667,0.1617873651771957,0.32973805855161786,0.10631741140215717,0.09399075500770417,0.029275808936825885,0.05855161787365177,IT,2017
0.04042806183115339,0.03210463733650416,0.11414982164090369,0.13079667063020214,0.34958382877526756,0.1403091557669441,0.10463733650416171,0.02497027348394768,0.06302021403091558,IT,2019
0.016184971098265895,0.018497109826589597,0.07630057803468208,0.14335260115606938,0.4277456647398844,0.18497109826589594,0.09248554913294797,0.019653179190751446,0.020809248554913295,IT,2020
0.025669642857142856,0.030133928571428572,0.11941964285714286,0.140625,0.3783482142857143,0.16517857142857142,0.09263392857142858,0.017857142857142856,0.030133928571428572,IT,2020
0.03169014084507042,0.028169014084507043,0.0880281690140845,0.15845070422535212,0.36971830985915494,0.1643192488262911,0.10093896713615023,0.017605633802816902,0.04107981220657277,IT,2021
0.03464755077658303,0.021505376344086023,0.08960573476702509,0.15890083632019117,0.3942652329749104,0.18040621266427717,0.07765830346475508,0.015531660692951015,0.027479091995221028,IT,2021
0.03387850467289719,0.018691588785046728,0.10163551401869159,0.15771028037383178,0.38434579439252337,0.1647196261682243,0.0911214953271028,0.015186915887850467,0.03271028037383177,IT,2022
0.024822695035460994,0.027186761229314422,0.09219858156028368,0.14775413711583923,0.3723404255319149,0.1773049645390071,0.1016548463356974,0.01773049645390071,0.03900709219858156,IT,2023
0.026344676180021953,0.01646542261251372,0.06805708013172337,0.1350164654226125,0.411635565312843,0.1712403951701427,0.10208562019758508,0.029637760702524697,0.03951701427003293,IT,2024
0.038202247191011236,0.020224719101123594,0.06404494382022471,0.13258426966292136,0.4,0.14606741573033707,0.12471910112359551,0.0348314606741573,0.03932584269662921,IT,2024
0.03758542141230068,0.029612756264236904,0.07403189066059225,0.1252847380410023,0.38496583143507973,0.19817767653758542,0.0979498861047836,0.022779043280182234,0.029612756264236904,IT,2025
0.1632047477744807,0.05341246290801187,0.04154302670623145,0.02967359050445104,0.35311572700296734,0.05934718100890208,0.11572700296735905,0.03857566765578635,0.14540059347181009,CY,2007
0.1267123287671233,0.05821917808219178,0.05821917808219178,0.05821917808219178,0.3561643835616438,0.07191780821917808,0.1095890410958904,0.03767123287671233,0.1232876712328767,CY,2010
0.1232876712328767,0.05136986301369863,0.05136986301369863,0.04452054794520548,0.3253424657534247,0.03424657534246575,0.11643835616438356,0.05136986301369863,0.20205479452054795,CY,2012
0.16129032258064516,0.03225806451612903,0.05734767025089606,0.02867383512544803,0.36200716845878134,0.08243727598566308,0.08602150537634409,0.05017921146953405,0.13978494623655913,CY,2014
0.11379310344827587,0.010344827586206896,0.05517241379310345,0.04827586206896552,0.40344827586206894,0.09655172413793103,0.13448275862068965,0.006896551724137931,0.1310344827586207,CY,2015
0.07942238267148015,0.036101083032490974,0.08303249097472924,0.02527075812274368,0.4043321299638989,0.06859205776173286,0.12274368231046931,0.039711191335740074,0.1407942238267148,CY,2016
0.1284722222222222,0.020833333333333332,0.052083333333333336,0.052083333333333336,0.4166666666666667,0.041666666666666664,0.08680555555555555,0.03819444444444445,0.16319444444444445,CY,2017
0.11636363636363636,0.04363636363636364,0.03272727272727273,0.07272727272727272,0.3709090909090909,0.08,0.09818181818181818,0.05454545454545454,0.13090909090909092,CY,2019
0.0975609756097561,0.05226480836236934,0.07317073170731707,0.041811846689895474,0.41114982578397213,0.08013937282229965,0.11846689895470383,0.0313588850174216,0.09407665505226481,CY,2020
0.11036789297658862,0.033444816053511704,0.06688963210702341,0.05351170568561873,0.3511705685618729,0.09364548494983277,0.10367892976588629,0.046822742474916385,0.14046822742474915,CY,2020
0.08247422680412371,0.041237113402061855,0.07903780068728522,0.08934707903780069,0.3436426116838488,0.0859106529209622,0.09965635738831616,0.044673539518900345,0.13402061855670103,CY,2021
0.10181818181818182,0.04,0.06545454545454546,0.06181818181818182,0.3781818181818182,0.11636363636363636,0.09818181818181818,0.02909090909090909,0.10909090909090909,CY,2021
0.08417508417508418,0.050505050505050504,0.05387205387205387,0.050505050505050504,0.4208754208754209,0.06734006734006734,0.08754208754208755,0.04377104377104377,0.1414141414141414,CY,2022
0.0647887323943662,0.04788732394366197,0.056338028169014086,0.059154929577464786,0.43661971830985913,0.08450704225352113,0.09859154929577464,0.03943661971830986,0.11267605633802817,CY,2023
0.061046511627906974,0.029069767441860465,0.061046511627906974,0.061046511627906974,0.4883720930232558,0.10174418604651163,0.06686046511627906,0.0436046511627907,0.0872093023255814,CY,2024
0.07492795389048991,0.025936599423631124,0.037463976945244955,0.06628242074927954,0.46397694524495675,0.10951008645533142,0.0893371757925072,0.025936599423631124,0.10662824207492795,CY,2024
0.08873720136518772,0.034129692832764506,0.051194539249146756,0.05460750853242321,0.4402730375426621,0.13993174061433447,0.06825938566552901,0.020477815699658702,0.10238907849829351,CY,2025
0.026027397260273973,0.019178082191780823,0.0589041095890411,0.06712328767123288,0.4808219178082192,0.12191780821917808,0.1136986301369863,0.043835616438356165,0.0684931506849315,LV,2007
0.02403204272363151,0.022696929238985315,0.0520694259012016,0.06542056074766354,0.4953271028037383,0.12550066755674233,0.1054739652870494,0.04672897196261682,0.06275033377837116,LV,2010
0.036312849162011177,0.012569832402234637,0.04888268156424581,0.07960893854748603,0.40502793296089384,0.12011173184357542,0.11312849162011174,0.061452513966480445,0.12290502793296089,LV,2012
0.04207920792079208,0.007425742574257425,0.039603960396039604,0.04579207920792079,0.5272277227722773,0.1188118811881188,0.09158415841584158,0.0297029702970297,0.09777227722772278,LV,2014
0.021052631578947368,0.013157894736842105,0.031578947368421054,0.06447368421052632,0.5421052631578948,0.13026315789473683,0.10657894736842105,0.02894736842105263,0.06184210526315789,LV,2015
0.03363518758085381,0.018111254851228976,0.04139715394566624,0.042690815006468305,0.5148771021992238,0.12548512289780078,0.111254851228978,0.019404915912031046,0.09314359637774904,LV,2016
0.042119565217391304,0.014945652173913044,0.025815217391304348,0.05570652173913043,0.4891304347826087,0.11277173913043478,0.11956521739130435,0.03940217391304348,0.10054347826086957,LV,2017
0.02564102564102564,0.016666666666666666,0.03333333333333333,0.03974358974358974,0.5474358974358975,0.13076923076923078,0.08461538461538462,0.05641025641025641,0.06538461538461539,LV,2019
0.013292433537832311,0.015337423312883436,0.046012269938650305,0.07770961145194274,0.5419222903885481,0.1523517382413088,0.09918200408997956,0.02556237218813906,0.028629856850715747,LV,2020
0.017034068136272545,0.01503006012024048,0.05511022044088176,0.07014028056112225,0.5410821643286573,0.15130260521042085,0.10521042084168336,0.01603206412825651,0.02905811623246493,LV,2020
0.022357723577235773,0.022357723577235773,0.054878048780487805,0.06707317073170732,0.5508130081300813,0.14126016260162602,0.08536585365853659,0.023373983739837397,0.032520325203252036,LV,2021
0.011029411764705883,0.011029411764705883,0.041666666666666664,0.05759803921568627,0.5159313725490197,0.14338235294117646,0.11029411764705882,0.03799019607843137,0.07107843137254902,LV,2021
0.010062893081761006,0.010062893081761006,0.025157232704402517,0.03270440251572327,0.4679245283018868,0.13836477987421383,0.1811320754716981,0.04150943396226415,0.0930817610062893,LV,2022
0.011795543905635648,0.014416775884665793,0.05242463958060288,0.02490170380078637,0.5530799475753604,0.10222804718217562,0.15072083879423329,0.05242463958060288,0.03800786369593709,LV,2023
0.005578800557880056,0.016736401673640166,0.04602510460251046,0.0502092050209205,0.5495118549511855,0.15620641562064155,0.10460251046025104,0.03347280334728033,0.03765690376569038,LV,2024
0.012113055181695828,0.012113055181695828,0.026917900403768506,0.06191117092866756,0.531628532974428,0.180349932705249,0.0955585464333782,0.04306864064602961,0.03633916554508748,LV,2024
0.0199203187250996,0.01195219123505976,0.043824701195219126,0.05843293492695883,0.5112881806108898,0.18326693227091634,0.11288180610889774,0.02656042496679947,0.03187250996015936,LV,2025
0.07460035523978685,0.0497335701598579,0.07460035523978685,0.0994671403197158,0.4369449378330373,0.05328596802841918,0.07104795737122557,0.035523978685612786,0.10479573712255773,LT,2007
0.10058027079303675,0.06576402321083172,0.08317214700193423,0.061895551257253385,0.4506769825918762,0.058027079303675046,0.06963249516441006,0.02127659574468085,0.08897485493230174,LT,2010
0.1345565749235474,0.04892966360856269,0.07033639143730887,0.06880733944954129,0.41896024464831805,0.047400611620795105,0.06880733944954129,0.03669724770642202,0.10550458715596331,LT,2012
0.10230547550432277,0.05187319884726225,0.0792507204610951,0.0446685878962536,0.5028818443804035,0.043227665706051875,0.04610951008645533,0.024495677233429394,0.10518731988472622,LT,2014
0.08959537572254335,0.05346820809248555,0.08092485549132948,0.0476878612716763,0.4725433526011561,0.05346820809248555,0.049132947976878616,0.031791907514450865,0.12138728323699421,LT,2015
0.06861313868613139,0.05401459854014599,0.07737226277372262,0.06277372262773723,0.5182481751824818,0.07007299270072993,0.040875912408759124,0.016058394160583942,0.09197080291970802,LT,2016
0.055384615384615386,0.043076923076923075,0.06923076923076923,0.047692307692307694,0.5046153846153846,0.052307692307692305,0.06615384615384616,0.023076923076923078,0.13846153846153847,LT,2017
0.07278020378457059,0.055312954876273655,0.06695778748180495,0.05967976710334789,0.5109170305676856,0.048034934497816595,0.06404657933042213,0.03056768558951965,0.09170305676855896,LT,2019
0.029354207436399216,0.025440313111545987,0.04892367906066536,0.07632093933463796,0.550880626223092,0.09882583170254403,0.0821917808219178,0.03424657534246575,0.053816046966731895,LT,2020
0.03241650294695481,0.023575638506876228,0.054027504911591355,0.07956777996070727,0.5343811394891945,0.11100196463654224,0.08055009823182711,0.029469548133595286,0.0550098231827112,LT,2020
0.08127721335268505,0.04499274310595065,0.07547169811320754,0.0841799709724238,0.4760522496371553,0.07111756168359942,0.06386066763425254,0.033381712626995644,0.06966618287373004,LT,2021
0.061764705882352944,0.04411764705882353,0.06764705882352941,0.0661764705882353,0.5161764705882353,0.10441176470588236,0.06470588235294118,0.022058823529411766,0.052941176470588235,LT,2021
0.07680945347119646,0.06499261447562776,0.09896602658788774,0.06942392909896603,0.4505169867060561,0.0827178729689808,0.07385524372230429,0.028064992614475627,0.05465288035450517,LT,2022
0.0975609756097561,0.0625,0.08689024390243902,0.09146341463414634,0.4222560975609756,0.08841463414634146,0.054878048780487805,0.013719512195121951,0.08231707317073171,LT,2023
0.07492354740061162,0.04434250764525994,0.09785932721712538,0.08868501529051988,0.4418960244648318,0.09174311926605505,0.0672782874617737,0.027522935779816515,0.06574923547400612,LT,2024
0.05263157894736842,0.029411764705882353,0.06656346749226007,0.07120743034055728,0.5139318885448917,0.0913312693498452,0.08668730650154799,0.03715170278637771,0.05108359133126935,LT,2024
0.051209103840682786,0.025604551920341393,0.07254623044096728,0.08961593172119488,0.5163584637268848,0.07681365576102418,0.06401137980085349,0.032716927453769556,0.07112375533428165,LT,2025
0.04627249357326478,0.02056555269922879,0.06426735218508997,0.07969151670951156,0.5732647814910026,0.08483290488431877,0.07455012853470437,0.028277634961439587,0.028277634961439587,LU,2007
0.03937007874015748,0.03412073490813648,0.11286089238845144,0.10498687664041995,0.5013123359580053,0.10236220472440945,0.047244094488188976,0.023622047244094488,0.03412073490813648,LU,2010
0.05580357142857143,0.026785714285714284,0.11383928571428571,0.12053571428571429,0.48660714285714285,0.09821428571428571,0.05803571428571429,0.008928571428571428,0.03125,LU,2012
0.05263157894736842,0.03508771929824561,0.08270676691729323,0.10776942355889724,0.45112781954887216,0.13784461152882205,0.09774436090225563,0.002506265664160401,0.03258145363408521,LU,2014
0.03816793893129771,0.02544529262086514,0.11704834605597965,0.10941475826972011,0.49363867684478374,0.11195928753180662,0.05597964376590331,0.027989821882951654,0.020356234096692113,LU,2015
0.07951807228915662,0.033734939759036145,0.10602409638554217,0.09879518072289156,0.4746987951807229,0.09156626506024096,0.05783132530120482,0.01927710843373494,0.03855421686746988,LU,2016
0.038560411311053984,0.04627249357326478,0.11053984575835475,0.11053984575835475,0.5501285347043702,0.06683804627249357,0.038560411311053984,0.012853470437017995,0.02570694087403599,LU,2017
0.045454545454545456,0.02406417112299465,0.12299465240641712,0.12032085561497326,0.5240641711229946,0.058823529411764705,0.05614973262032086,0.00267379679144385,0.045454545454545456,LU,2019
0.025048169556840076,0.04046242774566474,0.13872832369942195,0.12716763005780346,0.48747591522157996,0.12138728323699421,0.025048169556840076,0.011560693641618497,0.023121387283236993,LU,2020
0.038306451612903226,0.05241935483870968,0.11895161290322581,0.14516129032258066,0.4092741935483871,0.1532258064516129,0.05443548387096774,0.008064516129032258,0.020161290322580645,LU,2020
0.020089285714285716,0.03125,0.109375,0.13839285714285715,0.5491071428571429,0.06473214285714286,0.0625,0.006696428571428571,0.017857142857142856,LU,2021
0.013824884792626729,0.027649769585253458,0.11059907834101383,0.12903225806451613,0.619815668202765,0.06451612903225806,0.020737327188940093,0.0,0.013824884792626729,LU,2021
0.024886877828054297,0.029411764705882353,0.12895927601809956,0.16968325791855204,0.5294117647058824,0.058823529411764705,0.033936651583710405,0.013574660633484163,0.011312217194570135,LU,2022
0.022321428571428572,0.017857142857142856,0.09151785714285714,0.09821428571428571,0.6071428571428571,0.078125,0.03571428571428571,0.008928571428571428,0.04017857142857143,LU,2023
0.028017241379310345,0.04310344827586207,0.10991379310344827,0.11422413793103449,0.5581896551724138,0.09482758620689655,0.03017241379310345,0.00646551724137931,0.015086206896551725,LU,2024
0.0175054704595186,0.05470459518599562,0.08971553610503283,0.13129102844638948,0.5536105032822757,0.087527352297593,0.03938730853391685,0.0087527352297593,0.0175054704595186,LU,2024
0.02386117136659436,0.019522776572668113,0.07592190889370933,0.08026030368763558,0.6225596529284165,0.10412147505422993,0.04121475054229935,0.004338394793926247,0.028199566160520606,LU,2025
0.04398447606727038,0.02199223803363519,0.0724450194049159,0.0944372574385511,0.4165588615782665,0.12289780077619664,0.10608020698576973,0.0258732212160414,0.09573091849935317,HU,2007
0.03625,0.015,0.05,0.0925,0.4475,0.11875,0.105,0.035,0.1,HU,2010
0.060411311053984576,0.02570694087403599,0.07326478149100257,0.08740359897172237,0.43573264781491,0.12210796915167095,0.06426735218508997,0.032133676092544985,0.09897172236503857,HU,2012
0.05812574139976275,0.017793594306049824,0.046263345195729534,0.05812574139976275,0.47568208778173193,0.1055753262158956,0.09134045077105575,0.03202846975088968,0.11506524317912219,HU,2014
0.04234527687296417,0.0249728555917481,0.08360477741585233,0.07600434310532031,0.4571118349619978,0.10423452768729642,0.09554831704668838,0.02062975027144408,0.09554831704668838,HU,2015
0.023779724655819776,0.03128911138923655,0.060075093867334166,0.056320400500625784,0.4831038798498123,0.12640801001251564,0.11514392991239049,0.03629536921151439,0.06758448060075094,HU,2016
0.04332552693208431,0.03278688524590164,0.05269320843091335,0.06674473067915691,0.446135831381733,0.117096018735363,0.11475409836065574,0.040983606557377046,0.08548009367681499,HU,2017
0.045550847457627115,0.025423728813559324,0.07627118644067797,0.08792372881355932,0.3930084745762712,0.09957627118644068,0.11016949152542373,0.0635593220338983,0.09851694915254237,HU,2019
0.020348837209302327,0.01744186046511628,0.07170542635658915,0.09496124031007752,0.45930232558139533,0.11627906976744186,0.11337209302325581,0.04748062015503876,0.05910852713178295,HU,2020
0.029411764705882353,0.02738336713995943,0.06795131845841786,0.08113590263691683,0.47971602434077076,0.0973630831643002,0.12170385395537525,0.0436105476673428,0.05172413793103448,HU,2020
0.018518518518518517,0.018518518518518517,0.06275720164609054,0.09259259259259259,0.43209876543209874,0.12037037037037036,0.12654320987654322,0.05452674897119342,0.07407407407407407,HU,2021
0.029136316337148804,0.022892819979188347,0.060353798126951096,0.08949011446409989,0.38605619146722164,0.13735691987513007,0.1383975026014568,0.05098855359001041,0.08532778355879292,HU,2021
0.027196652719665274,0.03556485355648536,0.08368200836820083,0.08472803347280335,0.4435146443514644,0.11820083682008369,0.11297071129707113,0.0397489539748954,0.05439330543933055,HU,2022
0.03723986856516977,0.019715224534501644,0.0755750273822563,0.10843373493975904,0.3537787513691128,0.10843373493975904,0.1303395399780942,0.05914567360350493,0.10733844468784227,HU,2023
0.01553829078801332,0.038845726970033294,0.1076581576026637,0.10210876803551609,0.42175360710321863,0.15760266370699222,0.08657047724750278,0.026637069922308545,0.04328523862375139,HU,2024
0.018907563025210083,0.02100840336134454,0.0861344537815126,0.10609243697478991,0.4495798319327731,0.15021008403361344,0.08088235294117647,0.029411764705882353,0.05777310924369748,HU,2024
0.028037383177570093,0.020768431983385256,0.06645898234683281,0.1111111111111111,0.43198338525441327,0.13499480789200416,0.10488058151609553,0.04361370716510903,0.058151609553478714,HU,2025
0.13953488372093023,0.009966777408637873,0.046511627906976744,0.046511627906976744,0.4119601328903654,0.07308970099667775,0.09302325581395349,0.04983388704318937,0.12956810631229235,MT,2007
0.12653061224489795,0.04081632653061224,0.044897959183673466,0.036734693877551024,0.5142857142857142,0.08163265306122448,0.036734693877551024,0.0163265306122449,0.10204081632653061,MT,2010
0.15671641791044777,0.022388059701492536,0.048507462686567165,0.05223880597014925,0.40298507462686567,0.09328358208955224,0.07835820895522388,0.029850746268656716,0.11567164179104478,MT,2012
0.09602649006622517,0.026490066225165563,0.056291390728476824,0.08609271523178808,0.5331125827814569,0.08278145695364239,0.03642384105960265,0.019867549668874173,0.06291390728476821,MT,2014
0.06583072100313479,0.012539184952978056,0.06269592476489028,0.07836990595611286,0.5799373040752351,0.08463949843260188,0.047021943573667714,0.012539184952978056,0.05642633228840126,MT,2015
0.06441717791411043,0.03067484662576687,0.07975460122699386,0.10736196319018405,0.5337423312883436,0.0705521472392638,0.046012269938650305,0.015337423312883436,0.05214723926380368,MT,2016
0.12121212121212122,0.07272727272727272,0.05757575757575758,0.11212121212121212,0.49393939393939396,0.04242424242424243,0.03636363636363636,0.01818181818181818,0.045454545454545456,MT,2017
0.0847457627118644,0.07909604519774012,0.12146892655367232,0.13559322033898305,0.4350282485875706,0.07344632768361582,0.03672316384180791,0.011299435028248588,0.022598870056497175,MT,2019
0.060041407867494824,0.033126293995859216,0.057971014492753624,0.08281573498964803,0.577639751552795,0.06625258799171843,0.043478260869565216,0.018633540372670808,0.060041407867494824,MT,2020
0.06221198156682028,0.029953917050691243,0.08064516129032258,0.1313364055299539,0.47465437788018433,0.0944700460829493,0.041474654377880185,0.016129032258064516,0.06912442396313365,MT,2020
0.06605922551252848,0.015945330296127564,0.06150341685649203,0.10250569476082004,0.510250569476082,0.07061503416856492,0.07061503416856492,0.022779043280182234,0.07972665148063782,MT,2021
0.06947890818858561,0.03722084367245657,0.11662531017369727,0.12158808933002481,0.5359801488833746,0.04962779156327544,0.02977667493796526,0.004962779156327543,0.034739454094292806,MT,2021
0.05405405405405406,0.007371007371007371,0.10810810810810811,0.17936117936117937,0.4963144963144963,0.06142506142506143,0.02702702702702703,0.02702702702702703,0.03931203931203931,MT,2022
0.09183673469387756,0.012755102040816327,0.07908163265306123,0.11479591836734694,0.45408163265306123,0.10204081632653061,0.08928571428571429,0.030612244897959183,0.025510204081632654,MT,2023
0.07444168734491315,0.03722084367245657,0.05955334987593052,0.09429280397022333,0.41935483870967744,0.10421836228287841,0.11166253101736973,0.05955334987593052,0.03970223325062035,MT,2024
0.11058823529411765,0.04941176470588235,0.07058823529411765,0.10823529411764705,0.31058823529411766,0.10588235294117647,0.13647058823529412,0.06352941176470588,0.04470588235294118,MT,2024
0.04639175257731959,0.05154639175257732,0.05670103092783505,0.06958762886597938,0.44587628865979384,0.07731958762886598,0.11082474226804123,0.05670103092783505,0.08505154639175258,MT,2025
0.023613963039014373,0.033880903490759756,0.13963039014373715,0.17967145790554415,0.3295687885010267,0.18275154004106775,0.08932238193018481,0.011293634496919919,0.01026694045174538,NL,2007
0.04693877551020408,0.06020408163265306,0.1489795918367347,0.13979591836734695,0.3193877551020408,0.1326530612244898,0.10306122448979592,0.02346938775510204,0.025510204081632654,NL,2010
0.03929679420889348,0.04239917269906929,0.14270941054808686,0.15408479834539815,0.37125129265770423,0.13960703205791106,0.08376421923474664,0.009307135470527405,0.017580144777662874,NL,2012
0.02079002079002079,0.04158004158004158,0.14033264033264034,0.16424116424116425,0.3731808731808732,0.15696465696465697,0.08212058212058213,0.011434511434511435,0.009355509355509356,NL,2014
0.03822937625754527,0.04627766599597585,0.14788732394366197,0.14185110663983905,0.369215291750503,0.14084507042253522,0.08551307847082495,0.018108651911468814,0.012072434607645875,NL,2015
0.03931451612903226,0.06149193548387097,0.16330645161290322,0.17540322580645162,0.3346774193548387,0.1350806451612903,0.07358870967741936,0.004032258064516129,0.01310483870967742,NL,2016
0.03582395087001024,0.0593654042988741,0.16069600818833163,0.1617195496417605,0.3572159672466735,0.10849539406345957,0.08290685772773797,0.01842374616171955,0.015353121801432957,NL,2017
0.039354187689202826,0.06458123107971746,0.17255297679112008,0.14833501513622604,0.3410696266397578,0.15136226034308778,0.054490413723511606,0.020181634712411706,0.008072653884964682,NL,2019
0.022155085599194362,0.06143001007049345,0.18126888217522658,0.1863041289023162,0.3393756294058409,0.1268882175226586,0.0634441087613293,0.00906344410876133,0.010070493454179255,NL,2020
0.025025025025025027,0.06106106106106106,0.16516516516516516,0.16616616616616617,0.3053053053053053,0.14814814814814814,0.1061061061061061,0.015015015015015015,0.008008008008008008,NL,2020
0.04795204795204795,0.0979020979020979,0.17882117882117882,0.13486513486513488,0.30569430569430567,0.12387612387612387,0.09290709290709291,0.005994005994005994,0.011988011988011988,NL,2021
0.04317958783120707,0.06771344455348381,0.14033366045142295,0.13346418056918546,0.34151128557409227,0.1589793915603533,0.09126594700686948,0.010794896957801767,0.012757605495583905,NL,2021
0.035175879396984924,0.07236180904522613,0.19095477386934673,0.1457286432160804,0.31758793969849247,0.14472361809045226,0.06834170854271357,0.010050251256281407,0.01507537688442211,NL,2022
0.040473840078973346,0.0562685093780849,0.16386969397828233,0.17472852912142153,0.33267522211253703,0.13919052319842054,0.07206317867719644,0.009871668311944718,0.01085883514313919,NL,2023
0.042,0.073,0.149,0.169,0.301,0.164,0.073,0.014,0.015,NL,2024
0.04704704704704705,0.06606606606606606,0.13013013013013014,0.16916916916916916,0.35035035035035034,0.13713713713713713,0.07107107107107107,0.013013013013013013,0.016016016016016016,NL,2024
0.03589232303090728,0.08075772681954138,0.1575274177467597,0.13260219341974078,0.30109670987038883,0.1694915254237288,0.08773678963110668,0.01694915254237288,0.01794616151545364,NL,2025
0.020190023752969122,0.0498812351543943,0.11045130641330166,0.14845605700712589,0.4334916864608076,0.12589073634204276,0.05938242280285035,0.011876484560570071,0.040380047505938245,AT,2007
0.026225769669327253,0.039908779931584946,0.09007981755986318,0.12998859749144812,0.45952109464082097,0.14139110604332952,0.07639680729760548,0.013683010262257697,0.02280501710376283,AT,2010
0.04756511891279728,0.039637599093997736,0.08267270668176671,0.1404303510758777,0.43148357870894677,0.14609286523216308,0.06681766704416761,0.015855039637599093,0.02944507361268403,AT,2012
0.04112554112554113,0.05735930735930736,0.11796536796536797,0.12229437229437229,0.49242424242424243,0.0854978354978355,0.048701298701298704,0.015151515151515152,0.01948051948051948,AT,2014
0.05856832971800434,0.04772234273318872,0.10412147505422993,0.09761388286334056,0.447939262472885,0.12039045553145336,0.06941431670281996,0.02386117136659436,0.03036876355748373,AT,2015
0.03384279475982533,0.07969432314410481,0.1277292576419214,0.11790393013100436,0.37336244541484714,0.13537117903930132,0.06550218340611354,0.03275109170305677,0.03384279475982533,AT,2016
0.044857768052516414,0.053610503282275714,0.11925601750547046,0.1137855579868709,0.42560175054704596,0.10393873085339168,0.06455142231947483,0.02735229759299781,0.047045951859956234,AT,2017
0.07329842931937172,0.05654450261780105,0.11518324607329843,0.12356020942408377,0.38010471204188484,0.10471204188481675,0.0774869109947644,0.031413612565445025,0.03769633507853403,AT,2019
0.04722792607802875,0.0513347022587269,0.10985626283367557,0.1273100616016427,0.43737166324435317,0.12217659137577003,0.053388090349075976,0.01642710472279261,0.03490759753593429,AT,2020
0.049214659685863874,0.05235602094240838,0.10471204188481675,0.12670157068062826,0.41151832460732984,0.11832460732984293,0.08795811518324607,0.01780104712041885,0.031413612565445025,AT,2020
0.05817782656421515,0.048298572996706916,0.10098792535675083,0.11964873765093303,0.43468715697036225,0.11525795828759605,0.07025246981339188,0.014270032930845226,0.038419319429198684,AT,2021
0.06536697247706422,0.0481651376146789,0.10206422018348624,0.10550458715596331,0.37270642201834864,0.13188073394495411,0.09747706422018348,0.02522935779816514,0.051605504587155966,AT,2021
0.06772009029345373,0.05304740406320542,0.11738148984198646,0.10948081264108352,0.37133182844243795,0.12866817155756208,0.08690744920993228,0.016930022573363433,0.04853273137697517,AT,2022
0.04638009049773756,0.03506787330316742,0.11085972850678733,0.13574660633484162,0.415158371040724,0.09615384615384616,0.09728506787330317,0.01583710407239819,0.04751131221719457,AT,2023
0.039603960396039604,0.0352035203520352,0.11551155115511551,0.16061606160616063,0.37623762376237624,0.10671067106710672,0.0968096809680968,0.0407040704070407,0.028602860286028604,AT,2024
0.04617117117117117,0.033783783783783786,0.10472972972972973,0.13963963963963963,0.39864864864864863,0.13288288288288289,0.1036036036036036,0.02027027027027027,0.02027027027027027,AT,2024
0.019650655021834062,0.02947598253275109,0.10043668122270742,0.1539301310043668,0.3951965065502183,0.12882096069868995,0.1222707423580786,0.024017467248908297,0.026200873362445413,AT,2025
0.053445850914205346,0.02531645569620253,0.05625879043600562,0.06891701828410689,0.39943741209563993,0.1209563994374121,0.10548523206751055,0.052039381153305204,0.11814345991561181,PL,2007
0.0694645441389291,0.02604920405209841,0.05065123010130246,0.06367583212735166,0.4196816208393632,0.11432706222865413,0.1085383502170767,0.04341534008683068,0.10419681620839363,PL,2010
0.0517464424320828,0.028460543337645538,0.07503234152652005,0.06727037516170763,0.4294954721862872,0.08408796895213454,0.10090556274256145,0.042690815006468305,0.1203104786545925,PL,2012
0.05808080808080808,0.016414141414141416,0.06060606060606061,0.08080808080808081,0.4116161616161616,0.10984848484848485,0.09595959595959595,0.039141414141414144,0.1275252525252525,PL,2014
0.055401662049861494,0.04016620498614958,0.06371191135734072,0.07479224376731301,0.3573407202216066,0.10664819944598337,0.1329639889196676,0.036011080332409975,0.1329639889196676,PL,2015
0.02860858257477243,0.02600780234070221,0.045513654096228866,0.08322496749024708,0.4187256176853056,0.1469440832249675,0.11443433029908973,0.04681404421326398,0.08972691807542263,PL,2016
0.07007299270072993,0.040875912408759124,0.04817518248175182,0.059854014598540145,0.4072992700729927,0.11094890510948906,0.10802919708029197,0.03941605839416058,0.11532846715328467,PL,2017
0.06772009029345373,0.024830699774266364,0.0654627539503386,0.06884875846501129,0.4018058690744921,0.09593679458239278,0.10496613995485328,0.028216704288939052,0.14221218961625282,PL,2019
0.058762886597938144,0.042268041237113405,0.08556701030927835,0.09896907216494845,0.4175257731958763,0.11443298969072165,0.10206185567010309,0.03814432989690722,0.042268041237113405,PL,2020
0.04485219164118247,0.046890927624872576,0.11926605504587157,0.12436289500509684,0.34964322120285424,0.12232415902140673,0.10295616717635066,0.03160040774719674,0.0581039755351682,PL,2020
0.05845511482254697,0.049060542797494784,0.08872651356993737,0.11691022964509394,0.3778705636743215,0.13465553235908143,0.09707724425887265,0.026096033402922755,0.0511482254697286,PL,2021
0.07010309278350516,0.0443298969072165,0.08556701030927835,0.11237113402061856,0.35670103092783506,0.11030927835051546,0.0979381443298969,0.031958762886597936,0.09072164948453608,PL,2021
0.04878048780487805,0.04665959703075292,0.0784729586426299,0.09968186638388123,0.3934252386002121,0.11770943796394485,0.1071049840933192,0.042417815482502653,0.06574761399787911,PL,2022
0.04692387904066736,0.045881126173096975,0.06569343065693431,0.09593326381647549,0.3357664233576642,0.1251303441084463,0.11574556830031282,0.07716371220020855,0.09176225234619395,PL,2023
0.020876826722338204,0.026096033402922755,0.06784968684759916,0.12630480167014613,0.418580375782881,0.13778705636743216,0.09290187891440502,0.0407098121085595,0.06889352818371608,PL,2024
0.03282051282051282,0.021538461538461538,0.04512820512820513,0.11282051282051282,0.4112820512820513,0.14666666666666667,0.11282051282051282,0.052307692307692305,0.06461538461538462,PL,2024
0.030832476875642344,0.024665981500513873,0.04933196300102775,0.09455292908530319,0.4090441932168551,0.15724563206577596,0.1130524152106886,0.046248715313463515,0.0750256937307297,PL,2025
0.03773584905660377,0.07008086253369272,0.1522911051212938,0.14016172506738545,0.3908355795148248,0.09568733153638814,0.0660377358490566,0.014824797843665768,0.03234501347708895,PT,2007
0.036603221083455345,0.04978038067349927,0.2108345534407028,0.13616398243045388,0.3367496339677892,0.1259150805270864,0.08052708638360176,0.014641288433382138,0.008784773060029283,PT,2010
0.07123287671232877,0.052054794520547946,0.10410958904109589,0.16986301369863013,0.4506849315068493,0.04657534246575343,0.07123287671232877,0.021917808219178082,0.012328767123287671,PT,2012
0.06855439642324888,0.043219076005961254,0.14605067064083457,0.12667660208643816,0.4396423248882265,0.10134128166915052,0.05216095380029806,0.00894187779433681,0.013412816691505217,PT,2014
0.07575757575757576,0.03787878787878788,0.12878787878787878,0.1452020202020202,0.37752525252525254,0.10101010101010101,0.0946969696969697,0.020202020202020204,0.01893939393939394,PT,2015
0.07764390896921017,0.03480589022757698,0.12985274431057564,0.17269076305220885,0.3908969210174029,0.10040160642570281,0.04685408299866131,0.014725568942436412,0.0321285140562249,PT,2016
0.09065934065934066,0.054945054945054944,0.12774725274725274,0.13324175824175824,0.37637362637362637,0.07417582417582418,0.07280219780219781,0.01098901098901099,0.059065934065934064,PT,2017
0.052489905787348586,0.040376850605652756,0.16823687752355315,0.1440107671601615,0.3983849259757739,0.0901749663526245,0.07671601615074024,0.013458950201884253,0.016150740242261104,PT,2019
0.040522875816993466,0.027450980392156862,0.1084967320261438,0.11372549019607843,0.465359477124183,0.11372549019607843,0.10457516339869281,0.011764705882352941,0.01437908496732026,PT,2020
0.046442687747035576,0.037549407114624504,0.11264822134387352,0.14130434782608695,0.4160079051383399,0.12944664031620554,0.07015810276679842,0.017786561264822136,0.02865612648221344,PT,2020
0.06491885143570537,0.026217228464419477,0.13358302122347065,0.12109862671660425,0.42446941323345816,0.09737827715355805,0.07365792759051186,0.012484394506866416,0.046192259675405745,PT,2021
0.04336734693877551,0.03316326530612245,0.10331632653061225,0.10459183673469388,0.4732142857142857,0.09566326530612244,0.07908163265306123,0.026785714285714284,0.04081632653061224,PT,2021
0.0428921568627451,0.028186274509803922,0.11274509803921569,0.15073529411764705,0.44485294117647056,0.0821078431372549,0.06862745098039216,0.0196078431372549,0.05024509803921569,PT,2022
0.03504380475594493,0.03128911138923655,0.14017521902377972,0.14518147684605756,0.409261576971214,0.11889862327909888,0.056320400500625784,0.01877346683354193,0.04505632040050062,PT,2023
0.04151838671411625,0.02372479240806643,0.09252669039145907,0.14827995255041518,0.3594306049822064,0.14116251482799524,0.08066429418742586,0.03084223013048636,0.08185053380782918,PT,2024
0.004415011037527594,0.012141280353200883,0.08167770419426049,0.1291390728476821,0.3598233995584989,0.2163355408388521,0.15783664459161148,0.024282560706401765,0.01434878587196468,PT,2024
0.06852497096399536,0.013937282229965157,0.07549361207897794,0.11614401858304298,0.35656213704994194,0.16957026713124274,0.10685249709639953,0.011614401858304297,0.08130081300813008,PT,2025
0.039334341906202726,0.049924357034795766,0.06354009077155824,0.1043872919818457,0.3146747352496218,0.15431164901664146,0.12556732223903178,0.07261724659606657,0.07564296520423601,RO,2007
0.08239095315024232,0.06946688206785137,0.08723747980613894,0.08562197092084006,0.3344103392568659,0.0888529886914378,0.07754442649434572,0.0840064620355412,0.09046849757673667,RO,2010
0.1069364161849711,0.0708092485549133,0.07514450867052024,0.06936416184971098,0.3309248554913295,0.08670520231213873,0.08092485549132948,0.06213872832369942,0.11705202312138728,RO,2012
0.10480349344978165,0.024745269286754003,0.055312954876273655,0.056768558951965066,0.363901018922853,0.06404657933042213,0.08442503639010189,0.050946142649199416,0.1950509461426492,RO,2014
0.10112359550561797,0.019662921348314606,0.04915730337078652,0.05758426966292135,0.5028089887640449,0.10533707865168539,0.06320224719101124,0.012640449438202247,0.08848314606741572,RO,2015
0.14548238897396631,0.036753445635528334,0.07350689127105667,0.07197549770290965,0.40735068912710565,0.07044410413476264,0.05666156202143951,0.016845329249617153,0.12098009188361408,RO,2016
0.1,0.042105263157894736,0.1013157894736842,0.07894736842105263,0.41973684210526313,0.08421052631578947,0.07105263157894737,0.021052631578947368,0.08157894736842106,RO,2017
0.09633507853403141,0.031413612565445025,0.04607329842931937,0.08272251308900523,0.41361256544502617,0.0806282722513089,0.08376963350785341,0.03455497382198953,0.13089005235602094,RO,2019
0.10251046025104603,0.01778242677824268,0.04602510460251046,0.0596234309623431,0.4476987447698745,0.10774058577405858,0.08054393305439331,0.04079497907949791,0.09728033472803348,RO,2020
0.10337552742616034,0.0189873417721519,0.05907172995780591,0.06645569620253164,0.3924050632911392,0.11919831223628692,0.10126582278481013,0.04852320675105485,0.09071729957805907,RO,2020
0.11328976034858387,0.023965141612200435,0.054466230936819175,0.06535947712418301,0.42810457516339867,0.12636165577342048,0.09912854030501089,0.03376906318082789,0.05555555555555555,RO,2021
0.08406113537117904,0.019650655021834062,0.08187772925764192,0.11244541484716157,0.3558951965065502,0.13537117903930132,0.1146288209606987,0.05458515283842795,0.04148471615720524,RO,2021
0.06380753138075314,0.02615062761506276,0.05543933054393305,0.0794979079497908,0.3723849372384937,0.14435146443514643,0.16108786610878661,0.051255230125523014,0.04602510460251046,RO,2022
0.1148936170212766,0.02127659574468085,0.06063829787234042,0.05106382978723404,0.3446808510638298,0.17446808510638298,0.12872340425531914,0.03829787234042553,0.06595744680851064,RO,2023
0.08225108225108226,0.020562770562770564,0.050865800865800864,0.06818181818181818,0.33766233766233766,0.17424242424242425,0.15476190476190477,0.05411255411255411,0.05735930735930736,RO,2024
0.07792207792207792,0.023809523809523808,0.049783549783549784,0.047619047619047616,0.3106060606060606,0.15367965367965367,0.18831168831168832,0.07900432900432901,0.06926406926406926,RO,2024
0.08612975391498881,0.042505592841163314,0.04697986577181208,0.07158836689038031,0.3277404921700224,0.17114093959731544,0.1476510067114094,0.04809843400447427,0.058165548098434,RO,2025
0.1087866108786611,0.03905160390516039,0.10460251046025104,0.08926080892608089,0.4351464435146444,0.05439330543933055,0.04741980474198047,0.03207810320781032,0.08926080892608089,SI,2007
0.07105719237435008,0.043327556325823226,0.07452339688041594,0.0779896013864818,0.5181975736568457,0.06932409012131716,0.05199306759098787,0.019064124783362217,0.07452339688041594,SI,2010
0.16557377049180327,0.04426229508196721,0.10983606557377049,0.08196721311475409,0.41147540983606556,0.047540983606557376,0.054098360655737705,0.02622950819672131,0.05901639344262295,SI,2012
0.1943620178041543,0.05192878338278932,0.08902077151335312,0.04747774480712166,0.4362017804154303,0.037091988130563795,0.04451038575667656,0.011869436201780416,0.08753709198813056,SI,2014
0.11194029850746269,0.01791044776119403,0.05373134328358209,0.049253731343283584,0.5880597014925373,0.029850746268656716,0.03731343283582089,0.016417910447761194,0.0955223880597015,SI,2015
0.10490463215258855,0.0326975476839237,0.11035422343324251,0.08038147138964577,0.494550408719346,0.047683923705722074,0.04904632152588556,0.009536784741144414,0.07084468664850137,SI,2016
0.09249329758713137,0.049597855227882036,0.08310991957104558,0.06970509383378017,0.5482573726541555,0.03351206434316354,0.05227882037533512,0.014745308310991957,0.05630026809651475,SI,2017
0.07297297297297298,0.03648648648648649,0.05945945945945946,0.05810810810810811,0.5689189189189189,0.0472972972972973,0.052702702702702706,0.021621621621621623,0.08243243243243244,SI,2019
0.09495548961424333,0.0830860534124629,0.1493570722057369,0.11473788328387735,0.3659742828882295,0.05440158259149357,0.05637982195845697,0.028684470820969338,0.05242334322453017,SI,2020
0.08416389811738649,0.07198228128460686,0.13399778516057587,0.09634551495016612,0.3964562569213732,0.07198228128460686,0.06090808416389812,0.016611295681063124,0.06755260243632337,SI,2020
0.10835509138381201,0.08616187989556136,0.10704960835509138,0.09530026109660575,0.4164490861618799,0.04569190600522193,0.06266318537859007,0.022193211488250653,0.05613577023498695,SI,2021
0.12817551963048499,0.08314087759815242,0.1397228637413395,0.09122401847575058,0.3279445727482679,0.06466512702078522,0.06466512702078522,0.025404157043879907,0.07505773672055427,SI,2021
0.056578947368421055,0.05789473684210526,0.09473684210526316,0.07763157894736843,0.4763157894736842,0.075,0.07236842105263158,0.030263157894736843,0.05921052631578947,SI,2022
0.06601466992665037,0.04767726161369193,0.10146699266503667,0.061124694376528114,0.44621026894865523,0.06845965770171149,0.07212713936430318,0.035452322738386305,0.10146699266503667,SI,2023
0.06586021505376344,0.025537634408602152,0.09543010752688172,0.0967741935483871,0.4771505376344086,0.09408602150537634,0.05779569892473118,0.012096774193548387,0.07526881720430108,SI,2024
0.06699751861042183,0.028535980148883373,0.08064516129032258,0.06823821339950373,0.4627791563275434,0.09305210918114144,0.08064516129032258,0.02357320099255583,0.09553349875930521,SI,2024
0.050955414012738856,0.02165605095541401,0.08789808917197452,0.09171974522292993,0.4968152866242038,0.07898089171974522,0.0751592356687898,0.014012738853503185,0.08280254777070063,SI,2025
0.050672182006204755,0.04963805584281282,0.1189245087900724,0.13650465356773525,0.4157187176835574,0.10548086866597725,0.06618407445708377,0.027921406411582212,0.028955532574974147,SK,2007
0.09210526315789473,0.03588516746411483,0.09688995215311005,0.10645933014354067,0.326555023923445,0.09808612440191387,0.10167464114832536,0.03827751196172249,0.10406698564593302,SK,2010
0.07261904761904762,0.047619047619047616,0.11547619047619048,0.11785714285714285,0.37023809523809526,0.08571428571428572,0.07738095238095238,0.02738095238095238,0.08571428571428572,SK,2012
0.09883720930232558,0.03255813953488372,0.09302325581395349,0.06744186046511629,0.41627906976744183,0.13023255813953488,0.0755813953488372,0.022093023255813953,0.06395348837209303,SK,2014
0.08995327102803738,0.029205607476635514,0.09462616822429906,0.0911214953271028,0.441588785046729,0.0852803738317757,0.09813084112149532,0.01985981308411215,0.05023364485981308,SK,2015
0.07099879663056559,0.026474127557160047,0.08904933814681107,0.06859205776173286,0.4657039711191336,0.10469314079422383,0.08664259927797834,0.031287605294825514,0.056558363417569195,SK,2016
0.0695970695970696,0.030525030525030524,0.08302808302808302,0.0695970695970696,0.48717948717948717,0.08547008547008547,0.08180708180708181,0.02197802197802198,0.07081807081807082,SK,2017
0.05066079295154185,0.03303964757709251,0.0947136563876652,0.09140969162995595,0.41629955947136565,0.11233480176211454,0.08590308370044053,0.037444933920704845,0.07819383259911894,SK,2019
0.03707414829659319,0.036072144288577156,0.07014028056112225,0.0871743486973948,0.4759519038076152,0.11322645290581163,0.09919839679358718,0.022044088176352707,0.05911823647294589,SK,2020
0.05773420479302832,0.03376906318082789,0.06427015250544663,0.08823529411764706,0.43028322440087147,0.13071895424836602,0.09368191721132897,0.03594771241830065,0.06535947712418301,SK,2020
0.06053811659192825,0.04932735426008968,0.08968609865470852,0.06278026905829596,0.5044843049327354,0.09080717488789238,0.07623318385650224,0.030269058295964126,0.03587443946188341,SK,2021
0.055288461538461536,0.05048076923076923,0.09615384615384616,0.07932692307692307,0.45552884615384615,0.12259615384615384,0.08413461538461539,0.020432692307692308,0.036057692307692304,SK,2021
0.053738317757009345,0.04322429906542056,0.0969626168224299,0.1133177570093458,0.4147196261682243,0.1425233644859813,0.09345794392523364,0.01985981308411215,0.02219626168224299,SK,2022
0.04782608695652174,0.057608695652173914,0.11304347826086956,0.09782608695652174,0.37717391304347825,0.12065217391304348,0.1108695652173913,0.04673913043478261,0.02826086956521739,SK,2023
0.026047565118912798,0.0362400906002265,0.10532276330690826,0.1291053227633069,0.3952434881087203,0.14609286523216308,0.10305775764439411,0.04077010192525481,0.01812004530011325,SK,2024
0.039403620873269436,0.029818956336528223,0.08200212992545261,0.10010649627263046,0.38232161874334397,0.16293929712460065,0.12034078807241747,0.05324813631522897,0.029818956336528223,SK,2024
0.035864978902953586,0.0189873417721519,0.09177215189873418,0.1160337552742616,0.3829113924050633,0.169831223628692,0.11181434599156118,0.039029535864978905,0.03375527426160337,SK,2025
0.009584664536741214,0.01703940362087327,0.07987220447284345,0.13844515441959532,0.42598509052183176,0.12779552715654952,0.14270500532481364,0.03727369542066028,0.021299254526091587,FI,2007
0.011737089201877934,0.03286384976525822,0.07394366197183098,0.11384976525821597,0.4413145539906103,0.13849765258215962,0.1396713615023474,0.03286384976525822,0.015258215962441314,FI,2010
0.017977528089887642,0.028089887640449437,0.08314606741573034,0.12696629213483146,0.44831460674157303,0.15280898876404495,0.10561797752808989,0.02696629213483146,0.010112359550561797,FI,2012
0.030337078651685393,0.038202247191011236,0.08651685393258426,0.1146067415730337,0.4191011235955056,0.15393258426966291,0.1146067415730337,0.024719101123595506,0.017977528089887642,FI,2014
0.023529411764705882,0.025668449197860963,0.08983957219251337,0.12513368983957218,0.4128342245989305,0.16684491978609625,0.10374331550802139,0.038502673796791446,0.013903743315508022,FI,2015
0.024572649572649572,0.03418803418803419,0.08547008547008547,0.10790598290598291,0.422008547008547,0.16132478632478633,0.11324786324786325,0.029914529914529916,0.021367521367521368,FI,2016
0.02188183807439825,0.03282275711159737,0.06345733041575492,0.11925601750547046,0.4048140043763676,0.17067833698030635,0.12800875273522977,0.024070021881838075,0.0350109409190372,FI,2017
0.025559105431309903,0.02875399361022364,0.059637912673056445,0.13525026624068157,0.4440894568690096,0.1395101171458999,0.12460063897763578,0.02875399361022364,0.013844515441959531,FI,2019
0.02312673450508788,0.05087881591119334,0.1332099907493062,0.1091581868640148,0.30619796484736356,0.16743755781683625,0.13876040703052728,0.03700277520814061,0.034227567067530065,FI,2020
0.020854021847070508,0.05163853028798411,0.10724925521350546,0.09632571996027806,0.31678252234359483,0.1618669314796425,0.1618669314796425,0.05362462760675273,0.029791459781529295,FI,2020
0.031007751937984496,0.041666666666666664,0.10852713178294573,0.10562015503875968,0.32170542635658916,0.13372093023255813,0.14922480620155038,0.06782945736434108,0.040697674418604654,FI,2021
0.0306553911205074,0.04334038054968287,0.09408033826638477,0.0824524312896406,0.3488372093023256,0.13742071881606766,0.14482029598308668,0.06765327695560254,0.0507399577167019,FI,2021
0.02591792656587473,0.026997840172786176,0.07235421166306695,0.09503239740820735,0.4330453563714903,0.13930885529157666,0.12203023758099352,0.052915766738660906,0.032397408207343416,FI,2022
0.02863202545068929,0.03711558854718982,0.10286320254506894,0.09968186638388123,0.36903499469777307,0.15482502651113467,0.1357370095440085,0.04559915164369035,0.026511134676564158,FI,2023
0.037815126050420166,0.03466386554621849,0.0861344537815126,0.12920168067226892,0.34138655462184875,0.14285714285714285,0.17016806722689076,0.037815126050420166,0.01995798319327731,FI,2024
0.031880977683315624,0.06057385759829968,0.10201912858660998,0.13283740701381508,0.3368756641870351,0.12646121147715197,0.1275239107332625,0.03719447396386823,0.044633368756641874,FI,2024
0.027513227513227514,0.03492063492063492,0.10793650793650794,0.12275132275132275,0.35873015873015873,0.15555555555555556,0.12380952380952381,0.04126984126984127,0.027513227513227514,FI,2025
0.05906735751295337,0.06528497409326425,0.138860103626943,0.13989637305699482,0.33678756476683935,0.14715025906735751,0.07357512953367876,0.011398963730569948,0.027979274611398965,SE,2007
0.03917525773195876,0.05463917525773196,0.16391752577319588,0.14536082474226805,0.25773195876288657,0.1422680412371134,0.12577319587628866,0.030927835051546393,0.04020618556701031,SE,2010
0.052783109404990404,0.06238003838771593,0.1401151631477927,0.1401151631477927,0.30134357005758156,0.1708253358925144,0.09500959692898273,0.014395393474088292,0.023032629558541268,SE,2012
0.06519558676028084,0.05717151454363089,0.16549648946840523,0.12236710130391174,0.26278836509528586,0.18054162487462388,0.08726178535606821,0.017051153460381142,0.04212637913741224,SE,2014
0.06555863342566944,0.07571560480147738,0.15420129270544783,0.09141274238227147,0.283471837488458,0.17636195752539244,0.08679593721144968,0.020313942751615882,0.046168051708217916,SE,2015
0.04607843137254902,0.05392156862745098,0.1450980392156863,0.14411764705882352,0.31176470588235294,0.17058823529411765,0.0892156862745098,0.018627450980392157,0.020588235294117647,SE,2016
0.06187624750499002,0.08083832335329341,0.15169660678642716,0.1407185628742515,0.2694610778443114,0.14271457085828343,0.08882235528942116,0.02694610778443114,0.036926147704590816,SE,2017
0.07115009746588694,0.07212475633528265,0.1442495126705653,0.14619883040935672,0.260233918128655,0.14619883040935672,0.10721247563352826,0.02729044834307992,0.025341130604288498,SE,2019
0.04707012487992315,0.08165225744476465,0.17002881844380405,0.13256484149855907,0.24687800192122958,0.16714697406340057,0.11143131604226705,0.025936599423631124,0.01729106628242075,SE,2020
0.06460945033751206,0.07232401157184185,0.15043394406943106,0.12921890067502412,0.24108003857280616,0.171648987463838,0.10414657666345227,0.040501446480231434,0.026036644165863067,SE,2020
0.05994291151284491,0.08468125594671741,0.16079923882017128,0.16555661274976213,0.26450999048525214,0.12178877259752617,0.1027592768791627,0.015223596574690771,0.024738344433872503,SE,2021
0.06859903381642513,0.06666666666666667,0.14299516908212562,0.10821256038647344,0.25120772946859904,0.13816425120772946,0.14299516908212562,0.04057971014492753,0.04057971014492753,SE,2021
0.09368836291913216,0.08481262327416174,0.19625246548323472,0.1232741617357002,0.24358974358974358,0.09861932938856016,0.09861932938856016,0.022682445759368838,0.038461538461538464,SE,2022
0.07706945765937202,0.08563273073263558,0.18268315889628925,0.14367269267364416,0.2340627973358706,0.11798287345385347,0.09514747859181731,0.024738344433872503,0.0390104662226451,SE,2023
0.05676442762535478,0.06149479659413434,0.14758751182592242,0.1816461684011353,0.26584673604541154,0.16556291390728478,0.07947019867549669,0.02270577105014191,0.01892147587511826,SE,2024
0.04195804195804196,0.0939060939060939,0.17582417582417584,0.17382617382617382,0.2127872127872128,0.15084915084915085,0.1088911088911089,0.022977022977022976,0.01898101898101898,SE,2024
0.06256206554121152,0.08242303872889771,0.15988083416087387,0.19563058589870905,0.22740814299900694,0.13306852035749753,0.09831181727904667,0.013902681231380337,0.026812313803376366,SE,2025
0.025985663082437275,0.036738351254480286,0.09767025089605735,0.11379928315412187,0.5439068100358423,0.08691756272401434,0.05555555555555555,0.011648745519713262,0.027777777777777776,UK,2007
0.03521779425393883,0.03985171455050973,0.08989805375347544,0.0963855421686747,0.5384615384615384,0.10658016682113068,0.05560704355885079,0.020389249304911955,0.017608897126969416,UK,2010
0.0372940156114484,0.0398959236773634,0.0997398091934085,0.11882046834345186,0.5247181266261925,0.09280138768430182,0.06764960971379011,0.005203816131830009,0.013876843018213356,UK,2012
0.039250669045495096,0.06155218554861731,0.0927743086529884,0.08831400535236396,0.5557537912578056,0.07760927743086529,0.05084745762711865,0.01159678858162355,0.02230151650312221,UK,2014
0.04514480408858603,0.05536626916524702,0.10988074957410562,0.10477001703577513,0.45911413969335607,0.11243611584327087,0.06899488926746167,0.013628620102214651,0.030664395229982964,UK,2015
0.022279348757497857,0.06683804627249357,0.1268209083119109,0.15081405312767782,0.4661525278491859,0.09254498714652956,0.049700085689802914,0.005998286203941731,0.018851756640959727,UK,2016
0.0008090614886731392,0.0703883495145631,0.06553398058252427,0.12135922330097088,0.46763754045307443,0.08818770226537216,0.09061488673139159,0.05744336569579288,0.03802588996763754,UK,2017
0.050790067720090294,0.055304740406320545,0.10045146726862303,0.07110609480812641,0.5553047404063205,0.060948081264108354,0.05417607223476298,0.013544018058690745,0.03837471783295711,UK,2019
0.09450830140485313,0.031928480204342274,0.0983397190293742,0.09195402298850575,0.4125159642401022,0.06002554278416347,0.08939974457215837,0.031928480204342274,0.08939974457215837,HR,2007
0.07626076260762607,0.04920049200492005,0.1070110701107011,0.08856088560885608,0.3923739237392374,0.0996309963099631,0.05043050430504305,0.03075030750307503,0.1057810578105781,HR,2014
0.0565410199556541,0.04212860310421286,0.09201773835920177,0.1164079822616408,0.33148558758314856,0.12749445676274945,0.11086474501108648,0.03325942350332594,0.08980044345898004,HR,2015
0.04529616724738676,0.03716608594657375,0.10452961672473868,0.14285714285714285,0.3983739837398374,0.09523809523809523,0.08246225319396051,0.026713124274099883,0.06736353077816493,HR,2016
0.05493273542600897,0.04147982062780269,0.10986547085201794,0.1266816143497758,0.4226457399103139,0.08632286995515695,0.06614349775784753,0.03587443946188341,0.05605381165919283,HR,2017
0.055314533622559656,0.04772234273318872,0.09436008676789588,0.11279826464208242,0.4088937093275488,0.08351409978308026,0.06832971800433839,0.03253796095444685,0.09652928416485901,HR,2019
0.03067484662576687,0.024539877300613498,0.07566462167689161,0.1083844580777096,0.4723926380368098,0.09918200408997956,0.0869120654396728,0.03783231083844581,0.06441717791411043,HR,2020
0.05858170606372045,0.0328879753340185,0.07194244604316546,0.08838643371017471,0.4460431654676259,0.1130524152106886,0.09455292908530319,0.03186022610483042,0.06269270298047276,HR,2020
0.05841584158415842,0.027722772277227723,0.08712871287128712,0.08811881188118811,0.4643564356435644,0.08811881188118811,0.05841584158415842,0.046534653465346534,0.08118811881188119,HR,2021
0.05374077976817703,0.037934668071654375,0.0779768177028451,0.10432033719704953,0.440463645943098,0.08429926238145416,0.06954689146469968,0.03161222339304531,0.10010537407797682,HR,2021
0.057385759829968117,0.026567481402763018,0.052072263549415514,0.08607863974495218,0.4495217853347503,0.09989373007438895,0.09989373007438895,0.04357066950053135,0.08501594048884166,HR,2022
0.06465067778936393,0.026068821689259645,0.07507820646506778,0.09906152241918666,0.4619395203336809,0.08550573514077164,0.054223149113660066,0.047966631908237745,0.08550573514077164,HR,2023
0.05834186284544524,0.02354145342886387,0.06653019447287616,0.1218014329580348,0.40429887410440124,0.09825997952917093,0.08085977482088025,0.028659160696008188,0.11770726714431934,HR,2024
0.06951871657754011,0.017112299465240642,0.04919786096256684,0.12085561497326203,0.38074866310160427,0.10588235294117647,0.11122994652406418,0.025668449197860963,0.11978609625668449,HR,2024
0.03777544596012592,0.025183630640083946,0.06715634837355719,0.11752360965372508,0.3672612801678909,0.12381951731374606,0.09233997901364113,0.04407135362014691,0.1248688352570829,HR,2025
