"search-number","evaluation","number_of_agents*","number_of_opinion_dimensions*","model*","boundary_mean*","set-seed?*","boundary_distribution*","conformity_mean*","conformity_distribution*","boundary_std*","network_type*","scale_free_degree*","scale_free_selection-mu*","scale_free_selection-sigma*","scale_free_selection-distribution*","media_house_distribution*","number_of_media_houses*","media_house_distribution_normal_mean*","media_house_distribution_normal_std*","opinion_distribution*","opinion_mean*","opinion_std*","save_end_sim_data*","endsimdirectory*","use_media_influence_factor?*","media_influence_factor*","silence_alpha*","silence_tau*","silence_delta0*","classify_proponents_by_boundary?*","use_silence?*","fitness","num-replicates","best-fitness-so-far"
"1","4","100","1","""HK""","0.01","false","""normal""","1","""constant""","0","""Scale-free""","1","0","1","""uniform""","""deterministic-normal""","25","0.6000000000000001","0.87","""normal""","-0.19999999999999996","0.4","false","""/home/ramaswamy.51/Documents/github/Spirals/Media/data/cluster/endsim/BehaviorSearch/Step6""","true","0","1","4","-0.8","true","false","0.2283363453947032","4","0.2283363453947032"
"1","8","100","1","""HK""","0.01","false","""normal""","1","""constant""","0.30000000000000004","""Scale-free""","2","0","1","""uniform""","""deterministic-normal""","45","0.6000000000000001","0.6","""normal""","0.9000000000000001","0.6000000000000001","false","""/home/ramaswamy.51/Documents/github/Spirals/Media/data/cluster/endsim/BehaviorSearch/Step6""","true","0.30000000000000004","1","0","1","true","false","0.4943751827360121","4","0.2283363453947032"
"1","12","100","1","""HK""","0.01","false","""normal""","1","""constant""","0","""Scale-free""","1","0","1","""uniform""","""deterministic-normal""","45","0.7000000000000002","0.5","""normal""","0.8","0.30000000000000004","false","""/home/ramaswamy.51/Documents/github/Spirals/Media/data/cluster/endsim/BehaviorSearch/Step6""","true","0.5","1","5","0.9000000000000001","true","true","0.477177374573201","4","0.2283363453947032"
"1","16","100","1","""HK""","0.43","false","""normal""","1","""constant""","0.4","""Scale-free""","5","0","1","""uniform""","""deterministic-normal""","40","0.20000000000000018","0.47000000000000003","""normal""","0.30000000000000004","0.4","false","""/home/ramaswamy.51/Documents/github/Spirals/Media/data/cluster/endsim/BehaviorSearch/Step6""","true","0.4","1","9","0.10000000000000009","true","false","0.5056104668752339","4","0.2283363453947032"
"1","20","100","1","""HK""","0.01","false","""normal""","1","""constant""","0.1","""Scale-free""","3","0","1","""uniform""","""deterministic-normal""","45","-0.8","0.07","""normal""","0.9000000000000001","0.7000000000000001","false","""/home/ramaswamy.51/Documents/github/Spirals/Media/data/cluster/endsim/BehaviorSearch/Step6""","true","0.8","0.5","10","-0.9","true","false","0.5040982651426156","4","0.2283363453947032"
"1","24","100","1","""HK""","0.01","false","""normal""","1","""constant""","0.5","""Scale-free""","2","0","1","""uniform""","""deterministic-normal""","20","-0.6","0.52","""normal""","0.7000000000000002","0.2","false","""/home/ramaswamy.51/Documents/github/Spirals/Media/data/cluster/endsim/BehaviorSearch/Step6""","true","0.5","0.4","9","-0.6","true","false","0.4141848616920968","4","0.2283363453947032"
"1","28","100","1","""HK""","0.01","false","""normal""","1","""constant""","0.4","""Scale-free""","4","0","1","""uniform""","""deterministic-normal""","15","0.8","0.51","""normal""","-0.09999999999999998","0.2","false","""/home/ramaswamy.51/Documents/github/Spirals/Media/data/cluster/endsim/BehaviorSearch/Step6""","true","0.5","0.7000000000000001","6","0","true","false","0.49287663270466825","4","0.2283363453947032"
"1","32","100","1","""HK""","0.02","false","""normal""","1","""constant""","0","""Scale-free""","2","0","1","""uniform""","""deterministic-normal""","30","0.5","0.99","""normal""","-0.3999999999999999","0.7000000000000001","false","""/home/ramaswamy.51/Documents/github/Spirals/Media/data/cluster/endsim/BehaviorSearch/Step6""","true","0.9","0.2","7","-0.19999999999999996","true","false","0.30996563667677024","4","0.2283363453947032"
"1","36","100","1","""HK""","0.01","false","""normal""","1","""constant""","0.2","""Scale-free""","4","0","1","""uniform""","""deterministic-normal""","20","0.40000000000000013","0.9","""normal""","0.20000000000000018","1","false","""/home/ramaswamy.51/Documents/github/Spirals/Media/data/cluster/endsim/BehaviorSearch/Step6""","true","0.7000000000000001","0.2","7","-1","true","true","0.38200862927624535","4","0.2283363453947032"
"1","40","100","1","""HK""","0.01","false","""normal""","1","""constant""","0.4","""Scale-free""","4","0","1","""uniform""","""deterministic-normal""","20","0.7000000000000002","0.56","""normal""","0.8","0.4","false","""/home/ramaswamy.51/Documents/github/Spirals/Media/data/cluster/endsim/BehaviorSearch/Step6""","true","0.7000000000000001","0.2","0","-0.8","true","false","0.5743349969131414","4","0.2283363453947032"
"1","44","100","1","""HK""","0.02","false","""normal""","1","""constant""","0.30000000000000004","""Scale-free""","2","0","1","""uniform""","""deterministic-normal""","30","-1","0.92","""normal""","-0.6","0.9","false","""/home/ramaswamy.51/Documents/github/Spirals/Media/data/cluster/endsim/BehaviorSearch/Step6""","true","0.2","0.7000000000000001","10","0","true","true","0.4539127570953022","4","0.2283363453947032"
"1","48","100","1","""HK""","0.02","false","""normal""","1","""constant""","0.1","""Scale-free""","4","0","1","""uniform""","""deterministic-normal""","45","-1","0.99","""normal""","0.9000000000000001","0.7000000000000001","false","""/home/ramaswamy.51/Documents/github/Spirals/Media/data/cluster/endsim/BehaviorSearch/Step6""","true","0.30000000000000004","0.6000000000000001","2","-0.19999999999999996","true","true","0.3886324469214214","4","0.2283363453947032"
"1","52","100","1","""HK""","0.02","false","""normal""","1","""constant""","0.4","""Scale-free""","3","0","1","""uniform""","""deterministic-normal""","35","-0.19999999999999996","0.8","""normal""","-0.09999999999999998","1","false","""/home/ramaswamy.51/Documents/github/Spirals/Media/data/cluster/endsim/BehaviorSearch/Step6""","true","0.6000000000000001","0.7000000000000001","9","0.5","true","false","0.48414891635136564","4","0.2283363453947032"
"1","56","100","1","""HK""","0.01","false","""normal""","1","""constant""","0.5","""Scale-free""","3","0","1","""uniform""","""deterministic-normal""","40","0.30000000000000004","0.34","""normal""","0.5","0.30000000000000004","false","""/home/ramaswamy.51/Documents/github/Spirals/Media/data/cluster/endsim/BehaviorSearch/Step6""","true","0.4","0.4","6","0.10000000000000009","true","false","0.4984460991569993","4","0.2283363453947032"
"1","60","100","1","""HK""","0.43","false","""normal""","1","""constant""","0.30000000000000004","""Scale-free""","2","0","1","""uniform""","""deterministic-normal""","40","-0.09999999999999998","0.41000000000000003","""normal""","1","0.8","false","""/home/ramaswamy.51/Documents/github/Spirals/Media/data/cluster/endsim/BehaviorSearch/Step6""","true","0.2","0","8","1","true","true","0.49641871004950283","4","0.2283363453947032"
"1","64","100","1","""HK""","0.43","false","""normal""","1","""constant""","0.4","""Scale-free""","4","0","1","""uniform""","""deterministic-normal""","35","0.30000000000000004","0.6","""normal""","0.30000000000000004","1","false","""/home/ramaswamy.51/Documents/github/Spirals/Media/data/cluster/endsim/BehaviorSearch/Step6""","true","0.6000000000000001","0.2","0","-0.5","true","false","0.5095184510641297","4","0.2283363453947032"
"1","68","100","1","""HK""","0.02","false","""normal""","1","""constant""","0.30000000000000004","""Scale-free""","2","0","1","""uniform""","""deterministic-normal""","45","0.30000000000000004","0.22","""normal""","0","0","false","""/home/ramaswamy.51/Documents/github/Spirals/Media/data/cluster/endsim/BehaviorSearch/Step6""","true","0.2","0.6000000000000001","2","-1","true","false","0.5095184510641297","4","0.2283363453947032"
"1","72","100","1","""HK""","0.01","false","""normal""","1","""constant""","0.30000000000000004","""Scale-free""","2","0","1","""uniform""","""deterministic-normal""","50","-1","0.37","""normal""","-0.19999999999999996","0.9","false","""/home/ramaswamy.51/Documents/github/Spirals/Media/data/cluster/endsim/BehaviorSearch/Step6""","true","0.1","0.9","6","0.10000000000000009","true","true","0.3414737390203317","4","0.2283363453947032"
"1","76","100","1","""HK""","0.01","false","""normal""","1","""constant""","0","""Scale-free""","2","0","1","""uniform""","""deterministic-normal""","30","-0.8","0.36","""normal""","-0.19999999999999996","0.1","false","""/home/ramaswamy.51/Documents/github/Spirals/Media/data/cluster/endsim/BehaviorSearch/Step6""","true","0.30000000000000004","0.1","5","0.5","true","false","0.4479806679397328","4","0.2283363453947032"
"1","80","100","1","""HK""","0.01","false","""normal""","1","""constant""","0.4","""Scale-free""","4","0","1","""uniform""","""deterministic-normal""","50","-0.19999999999999996","0.96","""normal""","0.6000000000000001","0.4","false","""/home/ramaswamy.51/Documents/github/Spirals/Media/data/cluster/endsim/BehaviorSearch/Step6""","true","0.2","0.9","0","-0.3999999999999999","true","true","0.4766483908830975","4","0.2283363453947032"
"1","84","100","1","""HK""","0.43","false","""normal""","1","""constant""","0","""Scale-free""","1","0","1","""uniform""","""deterministic-normal""","30","1","0.81","""normal""","0.30000000000000004","0.7000000000000001","false","""/home/ramaswamy.51/Documents/github/Spirals/Media/data/cluster/endsim/BehaviorSearch/Step6""","true","0.7000000000000001","0","2","-0.6","true","false","0.7381524161628567","4","0.2283363453947032"
"1","88","100","1","""HK""","0.01","false","""normal""","1","""constant""","0.5","""Scale-free""","5","0","1","""uniform""","""deterministic-normal""","40","0","0.45","""normal""","-1","0.2","false","""/home/ramaswamy.51/Documents/github/Spirals/Media/data/cluster/endsim/BehaviorSearch/Step6""","true","0.8","0.2","0","0.5","true","false","0.49836902985043807","4","0.2283363453947032"
"1","92","100","1","""HK""","0.02","false","""normal""","1","""constant""","0.4","""Scale-free""","3","0","1","""uniform""","""deterministic-normal""","45","-0.19999999999999996","0.97","""normal""","0.9000000000000001","0.1","false","""/home/ramaswamy.51/Documents/github/Spirals/Media/data/cluster/endsim/BehaviorSearch/Step6""","true","0.1","0.7000000000000001","3","0.10000000000000009","true","true","0.4840627009525388","4","0.2283363453947032"
"1","96","100","1","""HK""","0.01","false","""normal""","1","""constant""","0.4","""Scale-free""","1","0","1","""uniform""","""deterministic-normal""","20","0.10000000000000009","0.64","""normal""","0.9000000000000001","0.7000000000000001","false","""/home/ramaswamy.51/Documents/github/Spirals/Media/data/cluster/endsim/BehaviorSearch/Step6""","true","0.9","0","7","-0.19999999999999996","true","true","0.4250576174366458","4","0.2283363453947032"
"1","100","100","1","""HK""","0.43","false","""normal""","1","""constant""","0","""Scale-free""","5","0","1","""uniform""","""deterministic-normal""","20","-0.29999999999999993","0.67","""normal""","0","0","false","""/home/ramaswamy.51/Documents/github/Spirals/Media/data/cluster/endsim/BehaviorSearch/Step6""","true","0.5","0.4","4","-0.3999999999999999","true","true","0.5095184510641297","4","0.2283363453947032"
"1","104","100","1","""HK""","0.01","false","""normal""","1","""constant""","0","""Scale-free""","1","0","1","""uniform""","""deterministic-normal""","0","-0.8","0.96","""normal""","-0.3999999999999999","0.5","false","""/home/ramaswamy.51/Documents/github/Spirals/Media/data/cluster/endsim/BehaviorSearch/Step6""","true","0.4","0.1","0","1","true","true","0.2832508263889058","4","0.2283363453947032"
"1","108","100","1","""HK""","0.02","false","""normal""","1","""constant""","0","""Scale-free""","1","0","1","""uniform""","""deterministic-normal""","45","-0.3999999999999999","0.56","""normal""","-0.19999999999999996","0.7000000000000001","false","""/home/ramaswamy.51/Documents/github/Spirals/Media/data/cluster/endsim/BehaviorSearch/Step6""","true","0.2","0","2","-0.19999999999999996","true","false","0.4556913037898785","4","0.2283363453947032"
"1","112","100","1","""HK""","0.02","false","""normal""","1","""constant""","0.4","""Scale-free""","2","0","1","""uniform""","""deterministic-normal""","0","0.10000000000000009","0.87","""normal""","-0.09999999999999998","0.6000000000000001","false","""/home/ramaswamy.51/Documents/github/Spirals/Media/data/cluster/endsim/BehaviorSearch/Step6""","true","0","0","1","0.7000000000000002","true","true","0.3237956641840881","4","0.2283363453947032"
"1","116","100","1","""HK""","0.43","false","""normal""","1","""constant""","0.30000000000000004","""Scale-free""","4","0","1","""uniform""","""deterministic-normal""","45","-0.7","0.33","""normal""","0.10000000000000009","0.6000000000000001","false","""/home/ramaswamy.51/Documents/github/Spirals/Media/data/cluster/endsim/BehaviorSearch/Step6""","true","0.7000000000000001","0.2","2","0.10000000000000009","true","false","0.5681471015573896","4","0.2283363453947032"
"1","120","100","1","""HK""","0.01","false","""normal""","1","""constant""","0.4","""Scale-free""","5","0","1","""uniform""","""deterministic-normal""","35","-0.9","0.1","""normal""","-0.8","0.6000000000000001","false","""/home/ramaswamy.51/Documents/github/Spirals/Media/data/cluster/endsim/BehaviorSearch/Step6""","true","0.7000000000000001","0.2","9","1","true","true","0.5499890153198413","4","0.2283363453947032"
"1","124","100","1","""HK""","0.01","false","""normal""","1","""constant""","0.30000000000000004","""Scale-free""","5","0","1","""uniform""","""deterministic-normal""","35","-0.8","0.3","""normal""","-0.8","0.2","false","""/home/ramaswamy.51/Documents/github/Spirals/Media/data/cluster/endsim/BehaviorSearch/Step6""","true","0.4","0.2","6","-0.5","true","true","0.5868447037344812","4","0.2283363453947032"
"1","128","100","1","""HK""","0.01","false","""normal""","1","""constant""","0.4","""Scale-free""","5","0","1","""uniform""","""deterministic-normal""","0","-0.3999999999999999","0.79","""normal""","0.5","0.4","false","""/home/ramaswamy.51/Documents/github/Spirals/Media/data/cluster/endsim/BehaviorSearch/Step6""","true","0.30000000000000004","0.5","0","-0.09999999999999998","true","false","0.5906761455120968","4","0.2283363453947032"
"1","132","100","1","""HK""","0.01","false","""normal""","1","""constant""","0","""Scale-free""","1","0","1","""uniform""","""deterministic-normal""","20","1","0.37","""normal""","0.9000000000000001","1","false","""/home/ramaswamy.51/Documents/github/Spirals/Media/data/cluster/endsim/BehaviorSearch/Step6""","true","0.2","0.4","9","-0.19999999999999996","true","true","0.3053463821495045","4","0.2283363453947032"
"1","136","100","1","""HK""","0.01","false","""normal""","1","""constant""","0.30000000000000004","""Scale-free""","4","0","1","""uniform""","""deterministic-normal""","20","-0.7","0.11","""normal""","-0.29999999999999993","0.7000000000000001","false","""/home/ramaswamy.51/Documents/github/Spirals/Media/data/cluster/endsim/BehaviorSearch/Step6""","true","0","0.6000000000000001","0","0.6000000000000001","true","false","0.35862109967212263","4","0.2283363453947032"
"1","140","100","1","""HK""","0.01","false","""normal""","1","""constant""","0.4","""Scale-free""","1","0","1","""uniform""","""deterministic-normal""","25","1","0.92","""normal""","-0.7","0.7000000000000001","false","""/home/ramaswamy.51/Documents/github/Spirals/Media/data/cluster/endsim/BehaviorSearch/Step6""","true","0.30000000000000004","0.9","0","-0.29999999999999993","true","false","0.4412083218732851","4","0.2283363453947032"
"1","144","100","1","""HK""","0.43","false","""normal""","1","""constant""","0.30000000000000004","""Scale-free""","4","0","1","""uniform""","""deterministic-normal""","30","0.6000000000000001","0.64","""normal""","-0.19999999999999996","0","false","""/home/ramaswamy.51/Documents/github/Spirals/Media/data/cluster/endsim/BehaviorSearch/Step6""","true","0.2","0.4","6","-0.8","true","true","0.5095184510641297","4","0.2283363453947032"
"1","148","100","1","""HK""","0.01","false","""normal""","1","""constant""","0","""Scale-free""","1","0","1","""uniform""","""deterministic-normal""","10","0.5","0.64","""normal""","0.10000000000000009","0.2","false","""/home/ramaswamy.51/Documents/github/Spirals/Media/data/cluster/endsim/BehaviorSearch/Step6""","true","0.4","0.7000000000000001","0","0.30000000000000004","true","true","0.36212959338343076","4","0.2283363453947032"
"1","152","100","1","""HK""","0.02","false","""normal""","1","""constant""","0.30000000000000004","""Scale-free""","3","0","1","""uniform""","""deterministic-normal""","35","0.6000000000000001","0.5700000000000001","""normal""","0.9000000000000001","0.2","false","""/home/ramaswamy.51/Documents/github/Spirals/Media/data/cluster/endsim/BehaviorSearch/Step6""","true","0.9","0.2","7","-0.19999999999999996","true","true","0.5973600344828386","4","0.2283363453947032"
"1","156","100","1","""HK""","0.01","false","""normal""","1","""constant""","0","""Scale-free""","3","0","1","""uniform""","""deterministic-normal""","35","-0.7","0.5700000000000001","""normal""","0.9000000000000001","0.30000000000000004","false","""/home/ramaswamy.51/Documents/github/Spirals/Media/data/cluster/endsim/BehaviorSearch/Step6""","true","0","0.2","8","0.9000000000000001","true","false","0.6216063501414066","4","0.2283363453947032"
"1","160","100","1","""HK""","0.01","false","""normal""","1","""constant""","0.5","""Scale-free""","3","0","1","""uniform""","""deterministic-normal""","0","0.20000000000000018","0.97","""normal""","0.7000000000000002","0.5","false","""/home/ramaswamy.51/Documents/github/Spirals/Media/data/cluster/endsim/BehaviorSearch/Step6""","true","0.8","0.8","8","0.9000000000000001","true","true","0.5259351405483879","4","0.2283363453947032"
"1","164","100","1","""HK""","0.43","false","""normal""","1","""constant""","0.5","""Scale-free""","2","0","1","""uniform""","""deterministic-normal""","0","0.8","0.28","""normal""","0.5","0.30000000000000004","false","""/home/ramaswamy.51/Documents/github/Spirals/Media/data/cluster/endsim/BehaviorSearch/Step6""","true","0.9","0.9","4","0.30000000000000004","true","true","0.6813223520796776","4","0.2283363453947032"
"1","168","100","1","""HK""","0.01","false","""normal""","1","""constant""","0.4","""Scale-free""","3","0","1","""uniform""","""deterministic-normal""","45","-0.6","0.64","""normal""","-0.8","1","false","""/home/ramaswamy.51/Documents/github/Spirals/Media/data/cluster/endsim/BehaviorSearch/Step6""","true","0","0.2","7","-0.7","true","false","0.4829012329661605","4","0.2283363453947032"
"1","172","100","1","""HK""","0.01","false","""normal""","1","""constant""","0.1","""Scale-free""","4","0","1","""uniform""","""deterministic-normal""","30","0","0.18","""normal""","0.9000000000000001","0.4","false","""/home/ramaswamy.51/Documents/github/Spirals/Media/data/cluster/endsim/BehaviorSearch/Step6""","true","0.1","0.1","2","0.9000000000000001","true","true","0.5222285281187726","4","0.2283363453947032"
"1","176","100","1","""HK""","0.43","false","""normal""","1","""constant""","0","""Scale-free""","1","0","1","""uniform""","""deterministic-normal""","5","0.8","0.52","""normal""","-0.8","0","false","""/home/ramaswamy.51/Documents/github/Spirals/Media/data/cluster/endsim/BehaviorSearch/Step6""","true","0.9","0.2","10","-0.8","true","false","0.7795393340692722","4","0.2283363453947032"
"1","180","100","1","""HK""","0.01","false","""normal""","1","""constant""","0.4","""Scale-free""","5","0","1","""uniform""","""deterministic-normal""","40","0.9000000000000001","0.87","""normal""","-1","0.7000000000000001","false","""/home/ramaswamy.51/Documents/github/Spirals/Media/data/cluster/endsim/BehaviorSearch/Step6""","true","0.9","0.9","4","-0.3999999999999999","true","false","0.5024089753294104","4","0.2283363453947032"
"1","184","100","1","""HK""","0.01","false","""normal""","1","""constant""","0.30000000000000004","""Scale-free""","3","0","1","""uniform""","""deterministic-normal""","35","-0.6","0.31","""normal""","0.5","0","false","""/home/ramaswamy.51/Documents/github/Spirals/Media/data/cluster/endsim/BehaviorSearch/Step6""","true","0.6000000000000001","0.1","9","0.8","true","false","0.5164136899161842","4","0.2283363453947032"
"1","188","100","1","""HK""","0.02","false","""normal""","1","""constant""","0.1","""Scale-free""","3","0","1","""uniform""","""deterministic-normal""","45","1","0.06","""normal""","-0.9","0.7000000000000001","false","""/home/ramaswamy.51/Documents/github/Spirals/Media/data/cluster/endsim/BehaviorSearch/Step6""","true","0.8","0.2","4","1","true","false","0.3508432603022097","4","0.2283363453947032"
"1","192","100","1","""HK""","0.43","false","""normal""","1","""constant""","0.2","""Scale-free""","4","0","1","""uniform""","""deterministic-normal""","20","-0.19999999999999996","0.09","""normal""","-0.09999999999999998","0.2","false","""/home/ramaswamy.51/Documents/github/Spirals/Media/data/cluster/endsim/BehaviorSearch/Step6""","true","0","0.7000000000000001","9","-0.6","true","false","0.5095184510641297","4","0.2283363453947032"
"1","196","100","1","""HK""","0.43","false","""normal""","1","""constant""","0","""Scale-free""","5","0","1","""uniform""","""deterministic-normal""","20","0","0.41000000000000003","""normal""","-0.09999999999999998","1","false","""/home/ramaswamy.51/Documents/github/Spirals/Media/data/cluster/endsim/BehaviorSearch/Step6""","true","0.30000000000000004","0.7000000000000001","5","-0.8","true","false","0.5095184510641297","4","0.2283363453947032"
"1","200","100","1","""HK""","0.02","false","""normal""","1","""constant""","0.5","""Scale-free""","4","0","1","""uniform""","""deterministic-normal""","0","-0.19999999999999996","0.67","""normal""","-0.9","0","false","""/home/ramaswamy.51/Documents/github/Spirals/Media/data/cluster/endsim/BehaviorSearch/Step6""","true","0.4","0","4","0","true","false","0.7703776715679418","4","0.2283363453947032"
